"Product ID","Product Name",Category,Subcategory,Pattern,Style,"Special Notes","Width MM",Profile,"Diamond Count","Gender Variant",Series,"White Gold Available","Base Price","Current Page Reference","Suggested Index File","Suggested Page Reference","Found in Index","Manual Page Reference",Notes
105,Cross,crosses,10k_crosses,,,,,,0,unisex,,0,,,index_page_10k-crosses_01.pdf,,NEEDS_VERIFICATION,,
111,Cross,crosses,10k_crosses,,,,,,0,unisex,,0,,,index_page_10k-crosses_01.pdf,,NEEDS_VERIFICATION,,
113,Cross,crosses,10k_crosses,,,,,,0,unisex,,0,,,index_page_10k-crosses_01.pdf,,NEEDS_VERIFICATION,,
1BE,"Jewelry Item",crosses,,,,,,,0,unisex,,0,,,index_page_10k-crosses_01.pdf,,NEEDS_VERIFICATION,,
20,Ring,crosses,,,,,,,0,unisex,,0,,,index_page_10k-crosses_01.pdf,,NEEDS_VERIFICATION,,
21,Ring,crosses,,,,,,,0,unisex,,0,,,index_page_10k-crosses_01.pdf,,NEEDS_VERIFICATION,,
29U,"Jewelry Item",crosses,,,,,,,0,unisex,,0,,,index_page_10k-crosses_01.pdf,,NEEDS_VERIFICATION,,
32,Ring,crosses,,,,,,,0,unisex,,0,,,index_page_10k-crosses_01.pdf,,NEEDS_VERIFICATION,,
3NB,"Jewelry Item",crosses,,,,,,,0,unisex,,0,,,index_page_10k-crosses_01.pdf,,NEEDS_VERIFICATION,,
3NH,"Jewelry Item",crosses,,,,,,,0,unisex,,0,,,index_page_10k-crosses_01.pdf,,NEEDS_VERIFICATION,,
41NB,"Jewelry Item",crosses,,,,,,,0,unisex,,0,,,index_page_10k-crosses_01.pdf,,NEEDS_VERIFICATION,,
41ND,"Jewelry Item",crosses,,,,,,,0,unisex,,0,,,index_page_10k-crosses_01.pdf,,NEEDS_VERIFICATION,,
41NH,"Jewelry Item",crosses,,,,,,,0,unisex,,0,,,index_page_10k-crosses_01.pdf,,NEEDS_VERIFICATION,,
4BE,"Jewelry Item",crosses,,,,,,,0,unisex,,0,,,index_page_10k-crosses_01.pdf,,NEEDS_VERIFICATION,,
5B,"Jewelry Item",crosses,,,,,,,0,unisex,,0,,,index_page_10k-crosses_01.pdf,,NEEDS_VERIFICATION,,
5NB,"Jewelry Item",crosses,,,,,,,0,unisex,,0,,,index_page_10k-crosses_01.pdf,,NEEDS_VERIFICATION,,
5ND,"Jewelry Item",crosses,,,,,,,0,unisex,,0,,,index_page_10k-crosses_01.pdf,,NEEDS_VERIFICATION,,
5NH,"Jewelry Item",crosses,,,,,,,0,unisex,,0,,,index_page_10k-crosses_01.pdf,,NEEDS_VERIFICATION,,
70NB,"Jewelry Item",crosses,,,,,,,0,unisex,,0,,,index_page_10k-crosses_01.pdf,,NEEDS_VERIFICATION,,
70ND,"Jewelry Item",crosses,,,,,,,0,unisex,,0,,,index_page_10k-crosses_01.pdf,,NEEDS_VERIFICATION,,
7ND,"Jewelry Item",crosses,,,,,,,0,unisex,,0,,,index_page_10k-crosses_01.pdf,,NEEDS_VERIFICATION,,
7NH,"Jewelry Item",crosses,,,,,,,0,unisex,,0,,,index_page_10k-crosses_01.pdf,,NEEDS_VERIFICATION,,
8NB,"Jewelry Item",crosses,,,,,,,0,unisex,,0,,,index_page_10k-crosses_01.pdf,,NEEDS_VERIFICATION,,
8ND,"Jewelry Item",crosses,,,,,,,0,unisex,,0,,,index_page_10k-crosses_01.pdf,,NEEDS_VERIFICATION,,
8NH,"Jewelry Item",crosses,,,,,,,0,unisex,,0,,,index_page_10k-crosses_01.pdf,,NEEDS_VERIFICATION,,
98,Ring,crosses,,,,,,,0,unisex,,0,,,index_page_10k-crosses_01.pdf,,NEEDS_VERIFICATION,,
CH14,"Celtic Band",crosses,,,,,,,0,unisex,,0,,,index_page_ster-crosses_01.pdf,,NEEDS_VERIFICATION,,
IBH,"Jewelry Item",crosses,,,,,,,0,unisex,,0,,,index_page_ster-crosses_01.pdf,,NEEDS_VERIFICATION,,
L26,"Jewelry Item",crosses,,,,,,,0,unisex,,0,,,index_page_ster-crosses_01.pdf,,NEEDS_VERIFICATION,,
L27,"Jewelry Item",crosses,,,,,,,0,unisex,,0,,,index_page_ster-crosses_01.pdf,,NEEDS_VERIFICATION,,
PH7,"Jewelry Item",crosses,,,,,,,0,unisex,,0,,,index_page_ster-crosses_01.pdf,,NEEDS_VERIFICATION,,
UN1E,"Jewelry Item",crosses,,,,,,,0,unisex,,0,,,index_page_ster-crosses_01.pdf,,NEEDS_VERIFICATION,,
UN1P_chain,"Jewelry Item",crosses,,,,,,,0,unisex,,0,,,index_page_ster-crosses_01.pdf,,NEEDS_VERIFICATION,,
UN2E,"Jewelry Item",crosses,,,,,,,0,unisex,,0,,,index_page_ster-crosses_01.pdf,,NEEDS_VERIFICATION,,
UN2P,"Jewelry Item",crosses,,,,,,,0,unisex,,0,,,index_page_ster-crosses_01.pdf,,NEEDS_VERIFICATION,,
UN3P,"Jewelry Item",crosses,,,,,,,0,unisex,,0,,,index_page_ster-crosses_01.pdf,,NEEDS_VERIFICATION,,
UN4LP,"Jewelry Item",crosses,,,,,,,0,unisex,,0,,,index_page_ster-crosses_01.pdf,,NEEDS_VERIFICATION,,
UN4P,"Jewelry Item",crosses,,,,,,,0,unisex,,0,,,index_page_ster-crosses_01.pdf,,NEEDS_VERIFICATION,,
1ACOL,"Locket (Ladies)",lockets,10k_lockets,,,,,,0,unisex,,0,,,index_page_10K-LOCKETS_01.pdf,,NEEDS_VERIFICATION,,
3COL,"Locket (Ladies)",lockets,10k_lockets,,,,,,0,unisex,,0,,,index_page_10K-LOCKETS_01.pdf,,NEEDS_VERIFICATION,,
4COL,"Locket (Ladies)",lockets,10k_lockets,,,,,,0,unisex,,0,,,index_page_10K-LOCKETS_01.pdf,,NEEDS_VERIFICATION,,
6ECOL,"Locket (Ladies)",lockets,10k_lockets,,,,,,0,unisex,,0,,,index_page_10K-LOCKETS_01.pdf,,NEEDS_VERIFICATION,,
70COL,"Locket (Ladies)",lockets,10k_lockets,,,,,,0,unisex,,0,,,index_page_10K-LOCKETS_01.pdf,,NEEDS_VERIFICATION,,
7COL,"Locket (Ladies)",lockets,10k_lockets,,,,,,0,unisex,,0,,,index_page_10K-LOCKETS_01.pdf,,NEEDS_VERIFICATION,,
7ECOL,"Locket (Ladies)",lockets,10k_lockets,,,,,,0,unisex,,0,,,index_page_10K-LOCKETS_01.pdf,,NEEDS_VERIFICATION,,
8RCOL,"Locket (Ladies)",lockets,10k_lockets,,,,,,0,unisex,,0,,,index_page_10K-LOCKETS_01.pdf,,NEEDS_VERIFICATION,,
CEL,"Locket (Ladies)",lockets,10k_lockets,,,,,,0,unisex,,0,,,index_page_STER-LOCKETS_01.pdf,,NEEDS_VERIFICATION,,
S10BCOL,"Locket (Ladies)",lockets,10k_lockets,,,,,,0,unisex,,0,,,index_page_STER-LOCKETS_01.pdf,,NEEDS_VERIFICATION,,
S10COL,"Locket (Ladies)",lockets,10k_lockets,,,,,,0,unisex,,0,,,index_page_STER-LOCKETS_01.pdf,,NEEDS_VERIFICATION,,
S13CCOL,"Locket (Ladies)",lockets,10k_lockets,,,,,,0,unisex,,0,,,index_page_STER-LOCKETS_01.pdf,,NEEDS_VERIFICATION,,
S13COL,"Locket (Ladies)",lockets,10k_lockets,,,,,,0,unisex,,0,,,index_page_STER-LOCKETS_01.pdf,,NEEDS_VERIFICATION,,
S14BCOL,"Locket (Ladies)",lockets,10k_lockets,,,,,,0,unisex,,0,,,index_page_STER-LOCKETS_01.pdf,,NEEDS_VERIFICATION,,
SM3COL,"Locket (Ladies)",lockets,10k_lockets,,,,,,0,unisex,,0,,,index_page_STER-LOCKETS_01.pdf,,NEEDS_VERIFICATION,,
MK2207,"Engagement Ring",engagement,,,,,,,0,unisex,,0,,,index_page_engagementsets_01.pdf,,NEEDS_VERIFICATION,,
MK42,"Engagement Ring",engagement,,,,,,,0,unisex,,0,,,index_page_engagementsets_01.pdf,,NEEDS_VERIFICATION,,
MK56,"Engagement Ring",engagement,,,,,,,0,unisex,,0,,,index_page_engagementsets_01.pdf,,NEEDS_VERIFICATION,,
MK5606,"Engagement Ring",engagement,,,,,,,0,unisex,,0,,,index_page_engagementsets_01.pdf,,NEEDS_VERIFICATION,,
MK56D,"Engagement Ring",engagement,,,,,,,0,unisex,,0,,,index_page_engagementsets_01.pdf,,NEEDS_VERIFICATION,,
MK56D-alt1,"Engagement Ring",engagement,,,,,,,0,unisex,,0,,,index_page_engagementsets_01.pdf,,NEEDS_VERIFICATION,,
MK56D-alt2,"Engagement Ring",engagement,,,,,,,0,unisex,,0,,,index_page_engagementsets_01.pdf,,NEEDS_VERIFICATION,,
MK57DA,"Engagement Ring",engagement,engagement_sets,,,,,,0,unisex,,0,,,index_page_engagementsets_01.pdf,,NEEDS_VERIFICATION,,
MK58,"Engagement Ring",engagement,,,,,,,0,unisex,,0,,,index_page_engagementsets_01.pdf,,NEEDS_VERIFICATION,,
MK58-alt1,"Engagement Ring",engagement,,,,,,,0,unisex,,0,,,index_page_engagementsets_01.pdf,,NEEDS_VERIFICATION,,
MK58-alt2,"Engagement Ring",engagement,,,,,,,0,unisex,,0,,,index_page_engagementsets_01.pdf,,NEEDS_VERIFICATION,,
MK58D,"Engagement Ring",engagement,engagement_sets,,,,,,0,unisex,,0,,,index_page_engagementsets_01.pdf,,NEEDS_VERIFICATION,,
MK59DA,"Engagement Ring",engagement,engagement_sets,,,,,,0,unisex,,0,,,index_page_engagementsets_01.pdf,,NEEDS_VERIFICATION,,
MK59DB-alt1,"Engagement Ring",engagement,,,,,,,0,unisex,,0,,,index_page_engagementsets_01.pdf,,NEEDS_VERIFICATION,,
MK59DB-alt2,"Engagement Ring",engagement,,,,,,,0,unisex,,0,,,index_page_engagementsets_01.pdf,,NEEDS_VERIFICATION,,
MK59DB-alt3,"Engagement Ring",engagement,,,,,,,0,unisex,,0,,,index_page_engagementsets_01.pdf,,NEEDS_VERIFICATION,,
MK60D,"Engagement Ring",engagement,engagement_sets,,,,,,0,unisex,,0,,,index_page_engagementsets_01.pdf,,NEEDS_VERIFICATION,,
MK62DA,"Engagement Ring",engagement,engagement_sets,,,,,,0,unisex,,0,,,index_page_engagementsets_01.pdf,,NEEDS_VERIFICATION,,
MK63D,"Engagement Ring",engagement,engagement_sets,,,,,,0,unisex,,0,,,index_page_engagementsets_01.pdf,,NEEDS_VERIFICATION,,
MK64D,"Engagement Ring",engagement,engagement_sets,,,,,,0,unisex,,0,,,index_page_engagementsets_01.pdf,,NEEDS_VERIFICATION,,
MK65D,"Engagement Ring",engagement,engagement_sets,,,,,,0,unisex,,0,,,index_page_engagementsets_01.pdf,,NEEDS_VERIFICATION,,
MK66D,"Engagement Ring",engagement,engagement_sets,,,,,,0,unisex,,0,,,index_page_engagementsets_01.pdf,,NEEDS_VERIFICATION,,
MK67D,"Engagement Ring",engagement,engagement_sets,,,,,,0,unisex,,0,,,index_page_engagementsets_01.pdf,,NEEDS_VERIFICATION,,
MK68DA,"Engagement Ring",engagement,engagement_sets,,,,,,0,unisex,,0,,,index_page_engagementsets_01.pdf,,NEEDS_VERIFICATION,,
MK6IDA,"Engagement Ring",engagement,,,,,,,0,unisex,,0,,,index_page_engagementsets_01.pdf,,NEEDS_VERIFICATION,,
MK6IDA-alt1,"Engagement Ring",engagement,,,,,,,0,unisex,,0,,,index_page_engagementsets_01.pdf,,NEEDS_VERIFICATION,,
MK6IDA-alt3,"Engagement Ring",engagement,,,,,,,0,unisex,,0,,,index_page_engagementsets_01.pdf,,NEEDS_VERIFICATION,,
MK72A,"Engagement Ring",engagement,engagement_sets,,,,,,0,unisex,,0,,,index_page_engagementsets_01.pdf,,NEEDS_VERIFICATION,,
MK73,"Engagement Ring",engagement,engagement_sets,,,,,,0,unisex,,0,,,index_page_engagementsets_01.pdf,,NEEDS_VERIFICATION,,
MK74A,"Engagement Ring",engagement,engagement_sets,,,,,,0,unisex,,0,,,index_page_engagementsets_01.pdf,,NEEDS_VERIFICATION,,
MK75,"Engagement Ring",engagement,,,,,,,0,unisex,,0,,,index_page_engagementsets_01.pdf,,NEEDS_VERIFICATION,,
MK75-alt1,"Engagement Ring",engagement,,,,,,,0,unisex,,0,,,index_page_engagementsets_01.pdf,,NEEDS_VERIFICATION,,
MK75-alt2,"Engagement Ring",engagement,,,,,,,0,unisex,,0,,,index_page_engagementsets_01.pdf,,NEEDS_VERIFICATION,,
MK76,"Engagement Ring",engagement,engagement_sets,,,,,,0,unisex,,0,,,index_page_engagementsets_01.pdf,,NEEDS_VERIFICATION,,
MK77,"Engagement Ring",engagement,engagement_sets,,,,,,0,unisex,,0,,,index_page_engagementsets_01.pdf,,NEEDS_VERIFICATION,,
MK78,"Engagement Ring",engagement,engagement_sets,,,,,,0,unisex,,0,,,index_page_engagementsets_01.pdf,,NEEDS_VERIFICATION,,
MK79,"Engagement Ring",engagement,,,,,,,0,unisex,,0,,,index_page_engagementsets_01.pdf,,NEEDS_VERIFICATION,,
MK79-alt1,"Engagement Ring",engagement,,,,,,,0,unisex,,0,,,index_page_engagementsets_01.pdf,,NEEDS_VERIFICATION,,
MK79-alt2,"Engagement Ring",engagement,,,,,,,0,unisex,,0,,,index_page_engagementsets_01.pdf,,NEEDS_VERIFICATION,,
MK80,"Engagement Ring",engagement,engagement_sets,,,,,,0,unisex,,0,,,index_page_engagementsets_01.pdf,,NEEDS_VERIFICATION,,
MK82,"Engagement Ring",engagement,engagement_sets,,,,,,0,unisex,,0,,,index_page_engagementsets_01.pdf,,NEEDS_VERIFICATION,,
MM13,"Jewelry Item",engagement,,,,,,,0,unisex,,0,,,index_page_engagementsets_01.pdf,,NEEDS_VERIFICATION,,
MM22,"Jewelry Item",engagement,,,,,,,0,unisex,,0,,,index_page_engagementsets_01.pdf,,NEEDS_VERIFICATION,,
MM93,"Engagement Ring",engagement,engagement_sets,,,,,,0,unisex,,0,,,index_page_engagementsets_01.pdf,,NEEDS_VERIFICATION,,
MN12,"Engagement Ring",engagement,engagement_sets,,,,,,0,unisex,,0,,,index_page_engagementsets_01.pdf,,NEEDS_VERIFICATION,,
MN31D,"Engagement Ring",engagement,engagement_sets,,,,,,0,unisex,,0,,,index_page_engagementsets_01.pdf,,NEEDS_VERIFICATION,,
MT69,"Engagement Ring",engagement,engagement_sets,,,,,,0,unisex,,0,,,index_page_engagementsets_01.pdf,,NEEDS_VERIFICATION,,
MU70,"Engagement Ring",engagement,engagement_sets,,,,,,0,unisex,,0,,,index_page_engagementsets_01.pdf,,NEEDS_VERIFICATION,,
WJ37,"Engagement Ring",engagement,engagement_sets,,,,,,0,unisex,,0,,,index_page_engagementsets_01.pdf,,NEEDS_VERIFICATION,,
WK26,"Engagement Ring",engagement,engagement_sets,,,,,,0,unisex,,0,,,index_page_engagementsets_01.pdf,,NEEDS_VERIFICATION,,
WK56D,"Engagement Ring",engagement,engagement_sets,,,,,,0,unisex,,0,,,index_page_engagementsets_01.pdf,,NEEDS_VERIFICATION,,
WK58D,"Engagement Ring",engagement,engagement_sets,,,,,,0,unisex,,0,,,index_page_engagementsets_01.pdf,,NEEDS_VERIFICATION,,
WK60D,"Engagement Ring",engagement,engagement_sets,,,,,,0,unisex,,0,,,index_page_engagementsets_01.pdf,,NEEDS_VERIFICATION,,
WK62A,"Engagement Ring",engagement,engagement_sets,,,,,,0,unisex,,0,,,index_page_engagementsets_01.pdf,,NEEDS_VERIFICATION,,
WK66D,"Engagement Ring",engagement,engagement_sets,,,,,,0,unisex,,0,,,index_page_engagementsets_01.pdf,,NEEDS_VERIFICATION,,
WK67D,"Engagement Ring",engagement,engagement_sets,,,,,,0,unisex,,0,,,index_page_engagementsets_01.pdf,,NEEDS_VERIFICATION,,
WK72,"Engagement Ring",engagement,engagement_sets,,,,,,0,unisex,,0,,,index_page_engagementsets_01.pdf,,NEEDS_VERIFICATION,,
WK73,"Engagement Ring",engagement,engagement_sets,,,,,,0,unisex,,0,,,index_page_engagementsets_01.pdf,,NEEDS_VERIFICATION,,
WK74,"Engagement Ring",engagement,engagement_sets,,,,,,0,unisex,,0,,,index_page_engagementsets_01.pdf,,NEEDS_VERIFICATION,,
WK75,"Engagement Ring",engagement,engagement_sets,,,,,,0,unisex,,0,,,index_page_engagementsets_01.pdf,,NEEDS_VERIFICATION,,
WK76,"Engagement Ring",engagement,engagement_sets,,,,,,0,unisex,,0,,,index_page_engagementsets_01.pdf,,NEEDS_VERIFICATION,,
WK77,"Engagement Ring",engagement,engagement_sets,,,,,,0,unisex,,0,,,index_page_engagementsets_01.pdf,,NEEDS_VERIFICATION,,
WK78,"Engagement Ring",engagement,engagement_sets,,,,,,0,unisex,,0,,,index_page_engagementsets_01.pdf,,NEEDS_VERIFICATION,,
WK81,"Engagement Ring",engagement,engagement_sets,,,,,,0,unisex,,0,,,index_page_engagementsets_01.pdf,,NEEDS_VERIFICATION,,
WM13,"Jewelry Item",engagement,,,,,,,0,unisex,,0,,,index_page_engagementsets_01.pdf,,NEEDS_VERIFICATION,,
WM93,"Engagement Ring",engagement,engagement_sets,,,,,,0,unisex,,0,,,index_page_engagementsets_01.pdf,,NEEDS_VERIFICATION,,
WT69,"Engagement Ring",engagement,engagement_sets,,,,,,0,unisex,,0,,,index_page_engagementsets_01.pdf,,NEEDS_VERIFICATION,,
WU70,"Engagement Ring",engagement,engagement_sets,,,,,,0,unisex,,0,,,index_page_engagementsets_01.pdf,,NEEDS_VERIFICATION,,
C526,"Celtic Band",signets,,,,,,,0,unisex,,0,,,index_page_signets_01.pdf,,NEEDS_VERIFICATION,,
C555,"Celtic Band",signets,,,,,,,0,unisex,,0,,,index_page_signets_01.pdf,,NEEDS_VERIFICATION,,
c568,"Jewelry Item",signets,,,,,,,0,unisex,,0,,,index_page_signets_01.pdf,,NEEDS_VERIFICATION,,
C574,"Celtic Band",signets,,,,,,,0,unisex,,0,,,index_page_signets_01.pdf,,NEEDS_VERIFICATION,,
C580,"Celtic Band",signets,,,,,,,0,unisex,,0,,,index_page_signets_01.pdf,,NEEDS_VERIFICATION,,
C582,"Celtic Band",signets,,,,,,,0,unisex,,0,,,index_page_signets_01.pdf,,NEEDS_VERIFICATION,,
CB84M,"Celtic Band",signets,,,,,,,0,unisex,,0,,,index_page_signets_01.pdf,,NEEDS_VERIFICATION,,
CS17,"Celtic Band",signets,,,,,,,0,unisex,,0,,,index_page_signets_01.pdf,,NEEDS_VERIFICATION,,
4911,"Jewelry Item",emblematic,,,,,,,0,unisex,,0,,,index_page_EMBLEMATIC_01.pdf,,NEEDS_VERIFICATION,,
4912,"Jewelry Item",emblematic,,,,,,,0,unisex,,0,,,index_page_EMBLEMATIC_01.pdf,,NEEDS_VERIFICATION,,
4913,"Jewelry Item",emblematic,,,,,,,0,unisex,,0,,,index_page_EMBLEMATIC_01.pdf,,NEEDS_VERIFICATION,,
C553MAS,"Jewelry Item",emblematic,,,,,,,0,unisex,,0,,,index_page_EMBLEMATIC_01.pdf,,NEEDS_VERIFICATION,,
C58MAS,"Jewelry Item",emblematic,,,,,,,0,unisex,,0,,,index_page_EMBLEMATIC_01.pdf,,NEEDS_VERIFICATION,,
C64MAS,"Jewelry Item",emblematic,,,,,,,0,unisex,,0,,,index_page_EMBLEMATIC_01.pdf,,NEEDS_VERIFICATION,,
EMR31M,"Jewelry Item (Mens)",emblematic,,,,,,,0,unisex,,0,,,index_page_EMBLEMATIC_01.pdf,,NEEDS_VERIFICATION,,
LPN31M,"Jewelry Item (Mens)",emblematic,,,,,,,0,unisex,,0,,,index_page_EMBLEMATIC_01.pdf,,NEEDS_VERIFICATION,,
PCW31M,"Jewelry Item (Mens)",emblematic,,,,,,,0,unisex,,0,,,index_page_EMBLEMATIC_01.pdf,,NEEDS_VERIFICATION,,
S14M,"Jewelry Item (Mens)",emblematic,,,,,,,0,unisex,,0,,,index_page_EMBLEMATIC_01.pdf,,NEEDS_VERIFICATION,,
S16DM,"Jewelry Item (Mens)",emblematic,,,,,,,0,unisex,,0,,,index_page_EMBLEMATIC_01.pdf,,NEEDS_VERIFICATION,,
S180M,"Jewelry Item (Mens)",emblematic,,,,,,,0,unisex,,0,,,index_page_EMBLEMATIC_01.pdf,,NEEDS_VERIFICATION,,
S185M,"Jewelry Item (Mens)",emblematic,,,,,,,0,unisex,,0,,,index_page_EMBLEMATIC_01.pdf,,NEEDS_VERIFICATION,,
S20M,"Jewelry Item (Mens)",emblematic,,,,,,,0,unisex,,0,,,index_page_EMBLEMATIC_01.pdf,,NEEDS_VERIFICATION,,
S240L,"Jewelry Item (Ladies)",emblematic,,,,,,,0,unisex,,0,,,index_page_EMBLEMATIC_01.pdf,,NEEDS_VERIFICATION,,
S24M,"Jewelry Item (Mens)",emblematic,,,,,,,0,unisex,,0,,,index_page_EMBLEMATIC_01.pdf,,NEEDS_VERIFICATION,,
S25M,"Jewelry Item (Mens)",emblematic,,,,,,,0,unisex,,0,,,index_page_EMBLEMATIC_01.pdf,,NEEDS_VERIFICATION,,
S26M,"Jewelry Item (Mens)",emblematic,,,,,,,0,unisex,,0,,,index_page_EMBLEMATIC_01.pdf,,NEEDS_VERIFICATION,,
S30HM,"Jewelry Item (Mens)",emblematic,,,,,,,0,unisex,,0,,,index_page_EMBLEMATIC_01.pdf,,NEEDS_VERIFICATION,,
S31HM,"Jewelry Item (Mens)",emblematic,,,,,,,0,unisex,,0,,,index_page_EMBLEMATIC_01.pdf,,NEEDS_VERIFICATION,,
S32HM,"Jewelry Item (Mens)",emblematic,,,,,,,0,unisex,,0,,,index_page_EMBLEMATIC_01.pdf,,NEEDS_VERIFICATION,,
S33HM,"Jewelry Item (Mens)",emblematic,,,,,,,0,unisex,,0,,,index_page_EMBLEMATIC_01.pdf,,NEEDS_VERIFICATION,,
S36HM,"Jewelry Item (Mens)",emblematic,,,,,,,0,unisex,,0,,,index_page_EMBLEMATIC_01.pdf,,NEEDS_VERIFICATION,,
S38M,"Jewelry Item (Mens)",emblematic,,,,,,,0,unisex,,0,,,index_page_EMBLEMATIC_01.pdf,,NEEDS_VERIFICATION,,
S46M,"Jewelry Item (Mens)",emblematic,,,,,,,0,unisex,,0,,,index_page_EMBLEMATIC_01.pdf,,NEEDS_VERIFICATION,,
S6RM,"Jewelry Item (Mens)",emblematic,,,,,,,0,unisex,,0,,,index_page_EMBLEMATIC_01.pdf,,NEEDS_VERIFICATION,,
VET14M,"Jewelry Item (Mens)",emblematic,,,,,,,0,unisex,,0,,,index_page_EMBLEMATIC_01.pdf,,NEEDS_VERIFICATION,,
15M,"Jewelry Item (Mens)",medical,,,,,,,0,unisex,,0,,,index_page_medical_01.pdf,,NEEDS_VERIFICATION,,
1BM,"Jewelry Item (Mens)",medical,,,,,,,0,unisex,,0,,,index_page_medical_01.pdf,,NEEDS_VERIFICATION,,
DT98SM,"Jewelry Item (Mens)",medical,,,,,,,0,unisex,,0,,,index_page_medical_01.pdf,,NEEDS_VERIFICATION,,
P120M,"Jewelry Item (Mens)",medical,,,,,,,0,unisex,,0,,,index_page_medical_01.pdf,,NEEDS_VERIFICATION,,
P21BM,"Jewelry Item (Mens)",medical,,,,,,,0,unisex,,0,,,index_page_medical_01.pdf,,NEEDS_VERIFICATION,,
P24M,"Jewelry Item (Mens)",medical,,,,,,,0,unisex,,0,,,index_page_medical_01.pdf,,NEEDS_VERIFICATION,,
1T030L_art2,"Galaxy Band",plain_bands,,,,,,,0,unisex,,0,,,index_page_wedding_01.pdf,,NEEDS_VERIFICATION,,
2004,"Wedding Band",plain_bands,wedding_bands,,,,,,0,unisex,,0,,,index_page_wedding_01.pdf,,NEEDS_VERIFICATION,,
200RM,"Wedding Band",plain_bands,,,,,,,0,unisex,,0,,,index_page_wedding_01.pdf,,NEEDS_VERIFICATION,,
265,"Wedding Band",plain_bands,wedding_bands,,,,,,0,unisex,,0,,,index_page_wedding_01.pdf,,NEEDS_VERIFICATION,,
300RL,"Wedding Band",plain_bands,,,,,,,0,unisex,,0,,,index_page_wedding_01.pdf,,NEEDS_VERIFICATION,,
300Rm,"Jewelry Item",plain_bands,,,,,,,0,unisex,,0,,,index_page_wedding_01.pdf,,NEEDS_VERIFICATION,,
3T00RL,"Galaxy Band",plain_bands,wedding_bands,,rectangular_comfort_curve,,3.00,rectangular_comfort_curve,0,L,"Rectangular Comfort Curve",0,,,index_page_wedding_01.pdf,,NEEDS_VERIFICATION,,
3T00RL_view2,"Galaxy Band",plain_bands,,,,,,,0,unisex,,0,,,index_page_wedding_01.pdf,,NEEDS_VERIFICATION,,
3T00RM,"Galaxy Band",plain_bands,wedding_bands,,rectangular_comfort_curve,,3.00,rectangular_comfort_curve,0,M,"Rectangular Comfort Curve",0,,,index_page_wedding_01.pdf,,NEEDS_VERIFICATION,,
"400TM_qm forever","Galaxy Band",plain_bands,,,,,,,0,unisex,,0,,,index_page_wedding_01.pdf,,NEEDS_VERIFICATION,,
4936M,"Wedding Band (Mens)",plain_bands,wedding_bands,,,,,,0,unisex,,0,,,index_page_wedding_01.pdf,,NEEDS_VERIFICATION,,
4937L,"Wedding Band (Ladies)",plain_bands,wedding_bands,,,,,,0,unisex,,0,,,index_page_wedding_01.pdf,,NEEDS_VERIFICATION,,
4T01CL,"Wedding Band (Ladies)",plain_bands,wedding_bands,,,,,,0,unisex,,0,,,index_page_wedding_01.pdf,,NEEDS_VERIFICATION,,
4T01CM,"Wedding Band (Mens)",plain_bands,wedding_bands,,,,,,0,unisex,,0,,,index_page_wedding_01.pdf,,NEEDS_VERIFICATION,,
4T18BM,"Galaxy Band",plain_bands,,,,,,,0,unisex,,0,,,index_page_wedding_01.pdf,,NEEDS_VERIFICATION,,
4T18L_gold,"Galaxy Band",plain_bands,,,,,,,0,unisex,,0,,,index_page_wedding_01.pdf,,NEEDS_VERIFICATION,,
4T18L_rose,"Galaxy Band",plain_bands,,,,,,,0,unisex,,0,,,index_page_wedding_01.pdf,,NEEDS_VERIFICATION,,
4T18L_white,"Galaxy Band",plain_bands,,,,,,,0,unisex,,0,,,index_page_wedding_01.pdf,,NEEDS_VERIFICATION,,
5001M_gold,"Jewelry Item",plain_bands,,,,,,,0,unisex,,0,,,index_page_wedding_01.pdf,,NEEDS_VERIFICATION,,
5001M_rose,"Jewelry Item",plain_bands,,,,,,,0,unisex,,0,,,index_page_wedding_01.pdf,,NEEDS_VERIFICATION,,
5001M_rose_backup,"Jewelry Item",plain_bands,,,,,,,0,unisex,,0,,,index_page_wedding_01.pdf,,NEEDS_VERIFICATION,,
5001M_white,"Jewelry Item",plain_bands,,,,,,,0,unisex,,0,,,index_page_wedding_01.pdf,,NEEDS_VERIFICATION,,
5410L,"Wedding Band (Ladies)",plain_bands,wedding_bands,,,,,,0,unisex,,0,,,index_page_wedding_01.pdf,,NEEDS_VERIFICATION,,
5410M,"Wedding Band",plain_bands,,,,,,,0,unisex,,0,,,index_page_wedding_01.pdf,,NEEDS_VERIFICATION,,
5412L,"Wedding Band (Ladies)",plain_bands,wedding_bands,,,,,,0,unisex,,0,,,index_page_wedding_01.pdf,,NEEDS_VERIFICATION,,
5412M,"Wedding Band (Mens)",plain_bands,wedding_bands,,,,,,0,unisex,,0,,,index_page_wedding_01.pdf,,NEEDS_VERIFICATION,,
5414L,"Wedding Band (Ladies)",plain_bands,wedding_bands,,,,,,0,unisex,,0,,,index_page_wedding_01.pdf,,NEEDS_VERIFICATION,,
5414M,"Wedding Band (Mens)",plain_bands,wedding_bands,,,,,,0,unisex,,0,,,index_page_wedding_01.pdf,,NEEDS_VERIFICATION,,
5416L,"Wedding Band",plain_bands,,,,,,,0,unisex,,0,,,index_page_wedding_01.pdf,,NEEDS_VERIFICATION,,
5416M,"Wedding Band (Mens)",plain_bands,wedding_bands,,,,,,0,unisex,,0,,,index_page_wedding_01.pdf,,NEEDS_VERIFICATION,,
5418L,"Wedding Band",plain_bands,,,,,,,0,unisex,,0,,,index_page_wedding_01.pdf,,NEEDS_VERIFICATION,,
5418M,"Wedding Band",plain_bands,,,,,,,0,unisex,,0,,,index_page_wedding_01.pdf,,NEEDS_VERIFICATION,,
5420L,"Wedding Band",plain_bands,,,,,,,0,unisex,,0,,,index_page_wedding_01.pdf,,NEEDS_VERIFICATION,,
5420M,"Wedding Band",plain_bands,,,,,,,0,unisex,,0,,,index_page_wedding_01.pdf,,NEEDS_VERIFICATION,,
5422L,"Wedding Band",plain_bands,,,,,,,0,unisex,,0,,,index_page_wedding_01.pdf,,NEEDS_VERIFICATION,,
5422M,"Wedding Band",plain_bands,,,,,,,0,unisex,,0,,,index_page_wedding_01.pdf,,NEEDS_VERIFICATION,,
5424L,"Wedding Band",plain_bands,,,,,,,0,unisex,,0,,,index_page_wedding_01.pdf,,NEEDS_VERIFICATION,,
5424M,"Wedding Band",plain_bands,,,,,,,0,unisex,,0,,,index_page_wedding_01.pdf,,NEEDS_VERIFICATION,,
5426L,"Wedding Band",plain_bands,,,,,,,0,unisex,,0,,,index_page_wedding_01.pdf,,NEEDS_VERIFICATION,,
5426M,"Wedding Band",plain_bands,,,,,,,0,unisex,,0,,,index_page_wedding_01.pdf,,NEEDS_VERIFICATION,,
5428L,"Wedding Band",plain_bands,,,,,,,0,unisex,,0,,,index_page_wedding_01.pdf,,NEEDS_VERIFICATION,,
5428M,"Wedding Band",plain_bands,,,,,,,0,unisex,,0,,,index_page_wedding_01.pdf,,NEEDS_VERIFICATION,,
5462L,"Wedding Band",plain_bands,,,,,,,0,unisex,,0,,,index_page_wedding_01.pdf,,NEEDS_VERIFICATION,,
5462M,"Wedding Band",plain_bands,,,,,,,0,unisex,,0,,,index_page_wedding_01.pdf,,NEEDS_VERIFICATION,,
"5468L copy","Jewelry Item",plain_bands,,,,,,,0,unisex,,0,,,index_page_wedding_01.pdf,,NEEDS_VERIFICATION,,
"5468M copy","Jewelry Item",plain_bands,,,,,,,0,unisex,,0,,,index_page_wedding_01.pdf,,NEEDS_VERIFICATION,,
5474L,"Wedding Band",plain_bands,,,,,,,0,unisex,,0,,,index_page_wedding_01.pdf,,NEEDS_VERIFICATION,,
5474M,"Wedding Band",plain_bands,,,,,,,0,unisex,,0,,,index_page_wedding_01.pdf,,NEEDS_VERIFICATION,,
5534M,"Wedding Band (Mens)",plain_bands,wedding_bands,,,,,,0,unisex,,0,,,index_page_wedding_01.pdf,,NEEDS_VERIFICATION,,
5535L,"Wedding Band (Ladies)",plain_bands,wedding_bands,,,,,,0,unisex,,0,,,index_page_wedding_01.pdf,,NEEDS_VERIFICATION,,
5540M,"Wedding Band (Mens)",plain_bands,wedding_bands,,,,,,0,unisex,,0,,,index_page_wedding_01.pdf,,NEEDS_VERIFICATION,,
5541L,"Wedding Band (Ladies)",plain_bands,wedding_bands,,,,,,0,unisex,,0,,,index_page_wedding_01.pdf,,NEEDS_VERIFICATION,,
5590L,"Wedding Band",plain_bands,,,,,,,0,unisex,,0,,,index_page_wedding_01.pdf,,NEEDS_VERIFICATION,,
5590M,"Wedding Band",plain_bands,,,,,,,0,unisex,,0,,,index_page_wedding_01.pdf,,NEEDS_VERIFICATION,,
5624L,"Wedding Band",plain_bands,,,,,,,0,unisex,,0,,,index_page_wedding_01.pdf,,NEEDS_VERIFICATION,,
5624M,"Wedding Band",plain_bands,,,,,,,0,unisex,,0,,,index_page_wedding_01.pdf,,NEEDS_VERIFICATION,,
5634M,"Wedding Band (Mens)",plain_bands,wedding_bands,,,,,,0,unisex,,0,,,index_page_wedding_01.pdf,,NEEDS_VERIFICATION,,
5636L,"Wedding Band",plain_bands,,,,,,,0,unisex,,0,,,index_page_wedding_01.pdf,,NEEDS_VERIFICATION,,
5636M,"Wedding Band",plain_bands,,,,,,,0,unisex,,0,,,index_page_wedding_01.pdf,,NEEDS_VERIFICATION,,
5642M,"Wedding Band (Mens)",plain_bands,wedding_bands,,,,,,0,unisex,,0,,,index_page_wedding_01.pdf,,NEEDS_VERIFICATION,,
5644M,"Wedding Band (Mens)",plain_bands,wedding_bands,,,,,,0,unisex,,0,,,index_page_wedding_01.pdf,,NEEDS_VERIFICATION,,
5645L,"Wedding Band (Ladies)",plain_bands,wedding_bands,,,,,,0,unisex,,0,,,index_page_wedding_01.pdf,,NEEDS_VERIFICATION,,
5664m,"Jewelry Item",plain_bands,,,,,,,0,unisex,,0,,,index_page_wedding_01.pdf,,NEEDS_VERIFICATION,,
5690M,"Wedding Band",plain_bands,,,,,,,0,unisex,,0,,,index_page_wedding_01.pdf,,NEEDS_VERIFICATION,,
5758L,"Wedding Band",plain_bands,,,,,,,0,unisex,,0,,,index_page_wedding_01.pdf,,NEEDS_VERIFICATION,,
5758m,"Jewelry Item",plain_bands,,,,,,,0,unisex,,0,,,index_page_wedding_01.pdf,,NEEDS_VERIFICATION,,
57776M,"Wedding Band",plain_bands,,,,,,,0,unisex,,0,,,index_page_wedding_01.pdf,,NEEDS_VERIFICATION,,
5790,"Wedding Band",plain_bands,wedding_bands,,,,,,0,unisex,,0,,,index_page_wedding_01.pdf,,NEEDS_VERIFICATION,,
5854L,"Wedding Band",plain_bands,,,,,,,0,unisex,,0,,,index_page_wedding_01.pdf,,NEEDS_VERIFICATION,,
5854M,"Wedding Band",plain_bands,,,,,,,0,unisex,,0,,,index_page_wedding_01.pdf,,NEEDS_VERIFICATION,,
5T00RL,"Galaxy Band",plain_bands,wedding_bands,,rectangular_comfort_curve,,5.00,rectangular_comfort_curve,0,L,"Rectangular Comfort Curve",0,,,index_page_wedding_01.pdf,,NEEDS_VERIFICATION,,
5T03AL,"Wedding Band (Ladies)",plain_bands,wedding_bands,,,,,,0,unisex,,0,,,index_page_wedding_01.pdf,,NEEDS_VERIFICATION,,
5T07AM,"Wedding Band (Mens)",plain_bands,wedding_bands,,,,,,0,unisex,,0,,,index_page_wedding_01.pdf,,NEEDS_VERIFICATION,,
6T00RL,"Galaxy Band",plain_bands,wedding_bands,,rectangular_comfort_curve,,6.00,rectangular_comfort_curve,0,L,"Rectangular Comfort Curve",0,,,index_page_wedding_01.pdf,,NEEDS_VERIFICATION,,
6T18AM,"Wedding Band (Mens)",plain_bands,wedding_bands,,,,,,0,unisex,,0,,,index_page_wedding_01.pdf,,NEEDS_VERIFICATION,,
6T18BM,"Wedding Band (Mens)",plain_bands,wedding_bands,,,,,,0,unisex,,0,,,index_page_wedding_01.pdf,,NEEDS_VERIFICATION,,
6T18FCM,"Galaxy Band",plain_bands,,,,,,,0,unisex,,0,,,index_page_wedding_01.pdf,,NEEDS_VERIFICATION,,
800,"Wedding Band",plain_bands,wedding_bands,,,,,,0,unisex,,0,,,index_page_wedding_01.pdf,,NEEDS_VERIFICATION,,
8T00RL,"Galaxy Band",plain_bands,wedding_bands,,rectangular_comfort_curve,,8.00,rectangular_comfort_curve,0,L,"Rectangular Comfort Curve",0,,,index_page_wedding_01.pdf,,NEEDS_VERIFICATION,,
D3T58M,"Wedding Band (Mens)",plain_bands,wedding_bands,,,,,,0,unisex,,0,,,index_page_wedding_01.pdf,,NEEDS_VERIFICATION,,
D4T01M,"Wedding Band (Mens)",plain_bands,wedding_bands,,,,,,0,unisex,,0,,,index_page_wedding_01.pdf,,NEEDS_VERIFICATION,,
D4T14M,"Wedding Band (Mens)",plain_bands,wedding_bands,,,,,,0,unisex,,0,,,index_page_wedding_01.pdf,,NEEDS_VERIFICATION,,
D4T15L,"Wedding Band (Ladies)",plain_bands,wedding_bands,,,,,,0,unisex,,0,,,index_page_wedding_01.pdf,,NEEDS_VERIFICATION,,
D4T16M,"Wedding Band (Mens)",plain_bands,wedding_bands,,,,,,0,unisex,,0,,,index_page_wedding_01.pdf,,NEEDS_VERIFICATION,,
D4T17L,"Wedding Band (Ladies)",plain_bands,wedding_bands,,,,,,0,unisex,,0,,,index_page_wedding_01.pdf,,NEEDS_VERIFICATION,,
D4T80M,"Wedding Band (Mens)",plain_bands,wedding_bands,,,,,,0,unisex,,0,,,index_page_wedding_01.pdf,,NEEDS_VERIFICATION,,
D4T81L,"Wedding Band (Ladies)",plain_bands,wedding_bands,,,,,,0,unisex,,0,,,index_page_wedding_01.pdf,,NEEDS_VERIFICATION,,
D4T94M,"Wedding Band (Mens)",plain_bands,wedding_bands,,,,,,0,unisex,,0,,,index_page_wedding_01.pdf,,NEEDS_VERIFICATION,,
D4T95L,"Wedding Band (Ladies)",plain_bands,wedding_bands,,,,,,0,unisex,,0,,,index_page_wedding_01.pdf,,NEEDS_VERIFICATION,,
D5T01M,"Wedding Band (Mens)",plain_bands,wedding_bands,,,,,,0,unisex,,0,,,index_page_wedding_01.pdf,,NEEDS_VERIFICATION,,
D6T10M,"Wedding Band (Mens)",plain_bands,wedding_bands,,,,,,0,unisex,,0,,,index_page_wedding_01.pdf,,NEEDS_VERIFICATION,,
D7T01M,"Wedding Band (Mens)",plain_bands,wedding_bands,,,,,,0,unisex,,0,,,index_page_wedding_01.pdf,,NEEDS_VERIFICATION,,
D8T01M,"Wedding Band (Mens)",plain_bands,wedding_bands,,,,,,0,unisex,,0,,,index_page_wedding_01.pdf,,NEEDS_VERIFICATION,,
DF4T01M,"Wedding Band (Mens)",plain_bands,wedding_bands,,,,,,0,unisex,,0,,,index_page_wedding_01.pdf,,NEEDS_VERIFICATION,,
DF5T01M,"Wedding Band (Mens)",plain_bands,wedding_bands,,,,,,0,unisex,,0,,,index_page_wedding_01.pdf,,NEEDS_VERIFICATION,,
DF6T01M,"Wedding Band (Mens)",plain_bands,wedding_bands,,,,,,0,unisex,,0,,,index_page_wedding_01.pdf,,NEEDS_VERIFICATION,,
DF7T01M,"Wedding Band (Mens)",plain_bands,wedding_bands,,,,,,0,unisex,,0,,,index_page_wedding_01.pdf,,NEEDS_VERIFICATION,,
DF8T01M,"Wedding Band (Mens)",plain_bands,wedding_bands,,,,,,0,unisex,,0,,,index_page_wedding_01.pdf,,NEEDS_VERIFICATION,,
S120M,"Wedding Band (Mens)",plain_bands,wedding_bands,,,,,,0,unisex,,0,,,index_page_wedding_01.pdf,,NEEDS_VERIFICATION,,
S1T40M,"Wedding Band (Mens)",plain_bands,wedding_bands,,,,,,0,unisex,,0,,,index_page_wedding_01.pdf,,NEEDS_VERIFICATION,,
S1T44M,"Wedding Band (Mens)",plain_bands,wedding_bands,,,,,,0,unisex,,0,,,index_page_wedding_01.pdf,,NEEDS_VERIFICATION,,
S200RL,"Wedding Band",plain_bands,wedding_bands,,rectangular,,2.00,sharp_flat,0,L,"Rectangular Lightweight",0,,,index_page_wedding_01.pdf,,NEEDS_VERIFICATION,,
S300RL,"Wedding Band",plain_bands,wedding_bands,,rectangular,,3.00,sharp_flat,0,L,"Rectangular Lightweight",0,,,index_page_wedding_01.pdf,,NEEDS_VERIFICATION,,
S300RM,"Wedding Band (Mens)",plain_bands,wedding_bands,,,,,,0,unisex,,0,,,index_page_wedding_01.pdf,,NEEDS_VERIFICATION,,
S400RL,"Wedding Band",plain_bands,wedding_bands,,rectangular,,4.00,sharp_flat,0,L,"Rectangular Lightweight",0,,,index_page_wedding_01.pdf,,NEEDS_VERIFICATION,,
S400RM,"Wedding Band",plain_bands,wedding_bands,,rectangular,,4.00,sharp_flat,0,M,"Rectangular Lightweight",0,,,index_page_wedding_01.pdf,,NEEDS_VERIFICATION,,
S500RL,"Wedding Band",plain_bands,wedding_bands,,rectangular,,5.00,sharp_flat,0,L,"Rectangular Lightweight",0,,,index_page_wedding_01.pdf,,NEEDS_VERIFICATION,,
S500RM,"Wedding Band",plain_bands,wedding_bands,,rectangular,,5.00,sharp_flat,0,M,"Rectangular Lightweight",0,,,index_page_wedding_01.pdf,,NEEDS_VERIFICATION,,
S600RL,"Wedding Band",plain_bands,wedding_bands,,rectangular,,6.00,sharp_flat,0,L,"Rectangular Lightweight",0,,,index_page_wedding_01.pdf,,NEEDS_VERIFICATION,,
s600rm,"Jewelry Item",plain_bands,,,,,,,0,unisex,,0,,,index_page_wedding_01.pdf,,NEEDS_VERIFICATION,,
"s600rm 6mm","Jewelry Item",plain_bands,,,,,,,0,unisex,,0,,,index_page_wedding_01.pdf,,NEEDS_VERIFICATION,,
W99M,"Wedding Band (Mens)",plain_bands,wedding_bands,,,,,,0,unisex,,0,,,index_page_wedding_01.pdf,,NEEDS_VERIFICATION,,
WCT25M,"Wedding Band (Mens)",plain_bands,wedding_bands,,,,,,0,unisex,,0,,,index_page_wedding_01.pdf,,NEEDS_VERIFICATION,,
WCT26M,"Wedding Band (Mens)",plain_bands,wedding_bands,,,,,,0,unisex,,0,,,index_page_wedding_01.pdf,,NEEDS_VERIFICATION,,
WE29M,"Wedding Band (Mens)",plain_bands,wedding_bands,,,,,,0,unisex,,0,,,index_page_wedding_01.pdf,,NEEDS_VERIFICATION,,
WU70M,"Wedding Band (Mens)",plain_bands,wedding_bands,,,,,,0,unisex,,0,,,index_page_wedding_01.pdf,,NEEDS_VERIFICATION,,
1T036L,"Galaxy Band",fancy_bands,galaxy_bands,,Galaxy,,6.00,,0,L,,0,,,,,NEEDS_VERIFICATION,,
1T036M,"Galaxy Band",fancy_bands,galaxy_bands,,Galaxy,,6.00,,0,M,,0,,,,,NEEDS_VERIFICATION,,
2291,Ring,fancy_bands,galaxy_bands,,Galaxy,,5.00,,0,L,,0,,,,,NEEDS_VERIFICATION,,
5344PM,"Wedding Band",fancy_bands,galaxy_bands,,Galaxy,,5.50,,0,M,,0,,,,,NEEDS_VERIFICATION,,
5345PL,"Wedding Band",fancy_bands,galaxy_bands,,Galaxy,,5.50,,0,L,,0,,,,,NEEDS_VERIFICATION,,
5664L,"Wedding Band",fancy_bands,galaxy_bands,,Galaxy,,5.00,,1,L,,0,,,,,NEEDS_VERIFICATION,,
5750L,"Wedding Band",fancy_bands,galaxy_bands,,Galaxy,,6.00,,3,L,,0,,,,,NEEDS_VERIFICATION,,
5750M,"Wedding Band",fancy_bands,galaxy_bands,,Galaxy,,6.00,,3,M,,0,,,,,NEEDS_VERIFICATION,,
5752L,"Wedding Band",fancy_bands,galaxy_bands,,Galaxy,,5.50,,0,L,,0,,,,,NEEDS_VERIFICATION,,
5752M,"Wedding Band",fancy_bands,galaxy_bands,,Galaxy,,5.50,,0,M,,0,,,,,NEEDS_VERIFICATION,,
5754L,"Wedding Band",fancy_bands,galaxy_bands,,Galaxy,,5.50,,0,L,,0,,,,,NEEDS_VERIFICATION,,
5754M,"Wedding Band",fancy_bands,galaxy_bands,,Galaxy,,5.50,,0,M,,0,,,,,NEEDS_VERIFICATION,,
5756L,"Wedding Band",fancy_bands,galaxy_bands,,Galaxy,,5.50,,1,L,,0,,,,,NEEDS_VERIFICATION,,
5756M,"Wedding Band",fancy_bands,galaxy_bands,,Galaxy,,5.50,,1,M,,0,,,,,NEEDS_VERIFICATION,,
5760L,"Wedding Band",fancy_bands,galaxy_bands,,Galaxy,,5.50,,0,L,,0,,,,,NEEDS_VERIFICATION,,
5760M,"Wedding Band",fancy_bands,galaxy_bands,,Galaxy,,5.50,,0,M,,0,,,,,NEEDS_VERIFICATION,,
5762L,"Wedding Band",fancy_bands,galaxy_bands,,Galaxy,,6.00,,3,L,,0,,,,,NEEDS_VERIFICATION,,
5762M,"Wedding Band",fancy_bands,galaxy_bands,,Galaxy,,6.00,,3,M,,0,,,,,NEEDS_VERIFICATION,,
5764M,"Wedding Band",fancy_bands,galaxy_bands,,Galaxy,,5.00,,1,M,,0,,,,,NEEDS_VERIFICATION,,
5768L,"Wedding Band",fancy_bands,galaxy_bands,,Galaxy,,5.50,,1,L,,0,,,,,NEEDS_VERIFICATION,,
5768M,"Wedding Band",fancy_bands,galaxy_bands,,Galaxy,,5.50,,1,M,,0,,,,,NEEDS_VERIFICATION,,
5770M,"Wedding Band",fancy_bands,galaxy_bands,,Galaxy,,7.00,,0,M,,0,,,,,NEEDS_VERIFICATION,,
5771L,"Wedding Band",fancy_bands,galaxy_bands,,Galaxy,,7.00,,0,L,,0,,,,,NEEDS_VERIFICATION,,
5772M,"Wedding Band",fancy_bands,galaxy_bands,,Galaxy,,5.50,,1,M,,0,,,,,NEEDS_VERIFICATION,,
5773L,"Wedding Band",fancy_bands,galaxy_bands,,Galaxy,,5.50,,1,L,,0,,,,,NEEDS_VERIFICATION,,
5774M,"Wedding Band",fancy_bands,galaxy_bands,,Galaxy,,9.00,,0,M,,0,,,,,NEEDS_VERIFICATION,,
5775L,"Wedding Band",fancy_bands,galaxy_bands,,Galaxy,,9.00,,0,L,,0,,,,,NEEDS_VERIFICATION,,
5776M,"Wedding Band",fancy_bands,galaxy_bands,,Galaxy,,9.00,,0,M,,0,,,,,NEEDS_VERIFICATION,,
5777L,"Wedding Band",fancy_bands,galaxy_bands,,Galaxy,,9.00,,0,L,,0,,,,,NEEDS_VERIFICATION,,
5778M,"Wedding Band",fancy_bands,galaxy_bands,,Galaxy,,6.00,,0,M,,0,,,,,NEEDS_VERIFICATION,,
5779L,"Wedding Band",fancy_bands,galaxy_bands,,Galaxy,,6.00,,0,L,,0,,,,,NEEDS_VERIFICATION,,
5780M,"Wedding Band",fancy_bands,galaxy_bands,,Galaxy,,7.00,,0,M,,0,,,,,NEEDS_VERIFICATION,,
5781L,"Wedding Band",fancy_bands,galaxy_bands,,Galaxy,,7.00,,0,L,,0,,,,,NEEDS_VERIFICATION,,
5296,Ring,celtic_bands,celtic_wedding_bands,"Celtic link","Celtic link",,7.50,,0,unisex,,0,,,,,NEEDS_VERIFICATION,,
5298,Ring,celtic_bands,celtic_wedding_bands,"Roman key","Roman key",,7.50,,0,unisex,,0,,,,,NEEDS_VERIFICATION,,
5310,Ring,celtic_bands,celtic_wedding_bands,"Interlocking arrows","Interlocking arrows",,7.50,,0,unisex,,0,,,,,NEEDS_VERIFICATION,,
5312,Ring,celtic_bands,celtic_wedding_bands,"Celtic spiral","Celtic spiral",,7.50,,0,unisex,,0,,,,,NEEDS_VERIFICATION,,
5314,Ring,celtic_bands,celtic_wedding_bands,"Celtic arches","Celtic arches",,7.50,,0,unisex,,0,,,,,NEEDS_VERIFICATION,,
5316,Ring,celtic_bands,celtic_wedding_bands,"Love knot","Love knot",,7.50,,0,unisex,,0,,,,,NEEDS_VERIFICATION,,
5410,Ring,celtic_bands,celtic_wedding_bands,"Celtic scroll","Celtic scroll",,7.50,,0,unisex,,0,,,,,NEEDS_VERIFICATION,,
5412,Ring,celtic_bands,celtic_wedding_bands,"Celtic petals","Celtic petals",,7.50,,0,unisex,,0,,,,,NEEDS_VERIFICATION,,
5414,Ring,celtic_bands,celtic_wedding_bands,"Celtic trefoil","Celtic trefoil",,7.50,,0,unisex,,0,,,,,NEEDS_VERIFICATION,,
5416,Ring,celtic_bands,celtic_wedding_bands,"Jelling band","Jelling band",,7.50,,0,unisex,,0,,,,,NEEDS_VERIFICATION,,
5418,Ring,celtic_bands,celtic_wedding_bands,"Wave band","Wave band",,7.50,,0,unisex,,0,,,,,NEEDS_VERIFICATION,,
5420,Ring,celtic_bands,celtic_wedding_bands,"Solomon's knot","Solomon's knot",,7.50,,0,unisex,,0,,,,,NEEDS_VERIFICATION,,
5422,Ring,celtic_bands,celtic_wedding_bands,"Celtic twist","Celtic twist",,7.50,,0,unisex,,0,,,,,NEEDS_VERIFICATION,,
5424,Ring,celtic_bands,celtic_wedding_bands,"Celtic Coils","Celtic Coils",,7.50,,0,unisex,,0,,,,,NEEDS_VERIFICATION,,
5426,Ring,celtic_bands,celtic_wedding_bands,"Interlocking hearts","Interlocking hearts",,7.50,,0,unisex,,0,,,,,NEEDS_VERIFICATION,,
5428,Ring,celtic_bands,celtic_wedding_bands,"Double hearts","Double hearts",,7.50,,0,unisex,,0,,,,,NEEDS_VERIFICATION,,
5430,Ring,celtic_bands,celtic_wedding_bands,"Celtic link","Celtic link",,6.50,,0,unisex,,0,,,,,NEEDS_VERIFICATION,,
5432,Ring,celtic_bands,celtic_wedding_bands,"Roman key","Roman key",,6.50,,0,unisex,,0,,,,,NEEDS_VERIFICATION,,
5434,Ring,celtic_bands,celtic_wedding_bands,"Interlocking arrows","Interlocking arrows",,6.50,,0,unisex,,0,,,,,NEEDS_VERIFICATION,,
5436,Ring,celtic_bands,celtic_wedding_bands,"Celtic spiral","Celtic spiral",,6.50,,0,unisex,,0,,,,,NEEDS_VERIFICATION,,
5438,Ring,celtic_bands,celtic_wedding_bands,"Celtic arches","Celtic arches",,6.50,,0,unisex,,0,,,,,NEEDS_VERIFICATION,,
5440,Ring,celtic_bands,celtic_wedding_bands,"Love knot","Love knot",,6.50,,0,unisex,,0,,,,,NEEDS_VERIFICATION,,
5442,Ring,celtic_bands,celtic_wedding_bands,"Celtic scroll","Celtic scroll",,6.50,,0,unisex,,0,,,,,NEEDS_VERIFICATION,,
5444,Ring,celtic_bands,celtic_wedding_bands,"Celtic petals","Celtic petals",,6.50,,0,unisex,,0,,,,,NEEDS_VERIFICATION,,
5446,Ring,celtic_bands,celtic_wedding_bands,"Celtic trefoil","Celtic trefoil",,6.50,,0,unisex,,0,,,,,NEEDS_VERIFICATION,,
5448,Ring,celtic_bands,celtic_wedding_bands,"Jelling band","Jelling band",,6.50,,0,unisex,,0,,,,,NEEDS_VERIFICATION,,
5450,Ring,celtic_bands,celtic_wedding_bands,"Wave band","Wave band",,6.50,,0,unisex,,0,,,,,NEEDS_VERIFICATION,,
5452,Ring,celtic_bands,celtic_wedding_bands,"Solomon's knot","Solomon's knot",,6.50,,0,unisex,,0,,,,,NEEDS_VERIFICATION,,
5454,Ring,celtic_bands,celtic_wedding_bands,"Celtic twist","Celtic twist",,6.50,,0,unisex,,0,,,,,NEEDS_VERIFICATION,,
5456,Ring,celtic_bands,celtic_wedding_bands,"Celtic Coils","Celtic Coils",,6.50,,0,unisex,,0,,,,,NEEDS_VERIFICATION,,
5458,Ring,celtic_bands,celtic_wedding_bands,"Interlocking hearts","Interlocking hearts",,6.50,,0,unisex,,0,,,,,NEEDS_VERIFICATION,,
5460,Ring,celtic_bands,celtic_wedding_bands,"Double hearts","Double hearts",,6.50,,0,unisex,,0,,,,,NEEDS_VERIFICATION,,
5462,Ring,celtic_bands,celtic_wedding_bands,"Warrior's shield","Warrior's shield",,7.50,,0,unisex,,0,,,,,NEEDS_VERIFICATION,,
5464,Ring,celtic_bands,celtic_wedding_bands,"Warrior's shield","Warrior's shield",,6.50,,0,unisex,,0,,,,,NEEDS_VERIFICATION,,
5466,Ring,celtic_bands,celtic_wedding_bands,"Warrior's shield","Warrior's shield",,5.50,,0,unisex,,0,,,,,NEEDS_VERIFICATION,,
5468,Ring,celtic_bands,celtic_wedding_bands,"Celtic lattice","Celtic lattice",,7.50,,0,unisex,,0,,,,,NEEDS_VERIFICATION,,
5470,Ring,celtic_bands,celtic_wedding_bands,"Celtic lattice","Celtic lattice",,6.50,,0,unisex,,0,,,,,NEEDS_VERIFICATION,,
5472,Ring,celtic_bands,celtic_wedding_bands,"Celtic lattice","Celtic lattice",,5.50,,0,unisex,,0,,,,,NEEDS_VERIFICATION,,
5474,Ring,celtic_bands,celtic_wedding_bands,"Celtic Cross","Celtic Cross",,7.50,,0,unisex,,0,,,,,NEEDS_VERIFICATION,,
5476,Ring,celtic_bands,celtic_wedding_bands,"Celtic Cross","Celtic Cross",,6.50,,0,unisex,,0,,,,,NEEDS_VERIFICATION,,
5600,Ring,celtic_bands,celtic_wedding_bands,"Celtic link","Celtic link",,5.50,,0,unisex,,0,,,,,NEEDS_VERIFICATION,,
5602,Ring,celtic_bands,celtic_wedding_bands,"Roman key","Roman key",,5.50,,0,unisex,,0,,,,,NEEDS_VERIFICATION,,
5604,Ring,celtic_bands,celtic_wedding_bands,"Celtic spiral","Celtic spiral",,5.50,,0,unisex,,0,,,,,NEEDS_VERIFICATION,,
5606,Ring,celtic_bands,celtic_wedding_bands,"Celtic arches","Celtic arches",,5.50,,0,unisex,,0,,,,,NEEDS_VERIFICATION,,
5608,Ring,celtic_bands,celtic_wedding_bands,"Love knot","Love knot",,5.50,,0,unisex,,0,,,,,NEEDS_VERIFICATION,,
5610,Ring,celtic_bands,celtic_wedding_bands,"Celtic scroll","Celtic scroll",,5.50,,0,unisex,,0,,,,,NEEDS_VERIFICATION,,
5612,Ring,celtic_bands,celtic_wedding_bands,"Wave band","Wave band",,5.50,,0,unisex,,0,,,,,NEEDS_VERIFICATION,,
5614,Ring,celtic_bands,celtic_wedding_bands,"Solomon's knot","Solomon's knot",,5.50,,0,unisex,,0,,,,,NEEDS_VERIFICATION,,
5616,Ring,celtic_bands,celtic_wedding_bands,"Interlocking hearts","Interlocking hearts",,5.50,,0,unisex,,0,,,,,NEEDS_VERIFICATION,,
5618,Ring,celtic_bands,celtic_wedding_bands,"Interlocking arrows","Interlocking arrows",,5.50,,0,unisex,,0,,,,,NEEDS_VERIFICATION,,
5620,Ring,celtic_bands,celtic_wedding_bands,"Celtic petals","Celtic petals",,5.50,,0,unisex,,0,,,,,NEEDS_VERIFICATION,,
5622,Ring,celtic_bands,celtic_wedding_bands,"Celtic trefoil","Celtic trefoil",,5.50,,0,unisex,,0,,,,,NEEDS_VERIFICATION,,
5624,Ring,celtic_bands,celtic_wedding_bands,"Jelling band","Jelling band",,5.50,,0,unisex,,0,,,,,NEEDS_VERIFICATION,,
5626,Ring,celtic_bands,celtic_wedding_bands,"Celtic twist","Celtic twist",,5.50,,0,unisex,,0,,,,,NEEDS_VERIFICATION,,
5628,Ring,celtic_bands,celtic_wedding_bands,"Celtic Coils","Celtic Coils",,5.50,,0,unisex,,0,,,,,NEEDS_VERIFICATION,,
5630,Ring,celtic_bands,celtic_wedding_bands,"Double hearts","Double hearts",,5.50,,0,unisex,,0,,,,,NEEDS_VERIFICATION,,
1208,Ring,family,,,,,,,0,unisex,,0,,,,,NEEDS_VERIFICATION,,
1210,Ring,family,,,,,,,0,unisex,,0,,,,,NEEDS_VERIFICATION,,
1869,Ring,family,,,,,,,0,unisex,,0,,,,,NEEDS_VERIFICATION,,
1877,Ring,family,,,,,,,0,unisex,,0,,,,,NEEDS_VERIFICATION,,
1879,Ring,family,,,,,,,0,unisex,,0,,,,,NEEDS_VERIFICATION,,
1890,"Family Ring",family,mother_daughter,,,,,,0,unisex,,0,,,,,NEEDS_VERIFICATION,,
1895,"Family Ring",family,mother_daughter,,,,,,0,unisex,,0,,,,,NEEDS_VERIFICATION,,
1916,"Family Ring",family,mother_daughter,,,,,,0,unisex,,0,,,,,NEEDS_VERIFICATION,,
1919,"Family Ring",family,mother_daughter,,,,,,0,unisex,,0,,,,,NEEDS_VERIFICATION,,
1921,"Family Ring",family,mother_daughter,,,,,,0,unisex,,0,,,,,NEEDS_VERIFICATION,,
1923,"Family Ring",family,mother_daughter,,,,,,0,unisex,,0,,,,,NEEDS_VERIFICATION,,
1924,"Family Ring",family,mother_daughter,,,,,,0,unisex,,0,,,,,NEEDS_VERIFICATION,,
1925,Ring,family,,,,,,,0,unisex,,0,,,,,NEEDS_VERIFICATION,,
1928,"Family Ring",family,mother_daughter,,,,,,0,unisex,,0,,,,,NEEDS_VERIFICATION,,
1930,Ring,family,,,,,,,0,unisex,,0,,,,,NEEDS_VERIFICATION,,
1934,Ring,family,,,,,,,0,unisex,,0,,,,,NEEDS_VERIFICATION,,
1938,"Family Ring",family,mother_daughter,,,,,,0,unisex,,0,,,,,NEEDS_VERIFICATION,,
1945,Ring,family,,,,,,,0,unisex,,0,,,,,NEEDS_VERIFICATION,,
1951,"Family Ring",family,mother_daughter,,,,,,0,unisex,,0,,,,,NEEDS_VERIFICATION,,
1967,"Family Ring",family,mother_daughter,,,,,,0,unisex,,0,,,,,NEEDS_VERIFICATION,,
1987,"Family Ring",family,mother_daughter,,,,,,0,unisex,,0,,,,,NEEDS_VERIFICATION,,
2009,Ring,family,,,,,,,0,unisex,,0,,,,,NEEDS_VERIFICATION,,
2080,Ring,family,,,,,,,0,unisex,,0,,,,,NEEDS_VERIFICATION,,
2273,Ring,family,,,,,,,0,unisex,,0,,,,,NEEDS_VERIFICATION,,
2274,Ring,family,,,,,,,0,unisex,,0,,,,,NEEDS_VERIFICATION,,
2274_Alt1,"Jewelry Item",family,,,,,,,0,unisex,,0,,,,,NEEDS_VERIFICATION,,
2274_Alt2,"Jewelry Item",family,,,,,,,0,unisex,,0,,,,,NEEDS_VERIFICATION,,
2274_Alt3,"Jewelry Item",family,,,,,,,0,unisex,,0,,,,,NEEDS_VERIFICATION,,
2274R,"Jewelry Item",family,,,,,,,0,unisex,,0,,,,,NEEDS_VERIFICATION,,
2275,"Family Ring",family,mother_daughter,,,,,,0,unisex,,0,,,,,NEEDS_VERIFICATION,,
2276,Ring,family,,,,,,,0,unisex,,0,,,,,NEEDS_VERIFICATION,,
2277,"Family Ring",family,mother_daughter,,,,,,0,unisex,,0,,,,,NEEDS_VERIFICATION,,
2280,Ring,family,,,,,,,0,unisex,,0,,,,,NEEDS_VERIFICATION,,
2281,Ring,family,,,,,,,0,unisex,,0,,,,,NEEDS_VERIFICATION,,
2281_Alt3,"Jewelry Item",family,,,,,,,0,unisex,,0,,,,,NEEDS_VERIFICATION,,
2282,Ring,family,,,,,,,0,unisex,,0,,,,,NEEDS_VERIFICATION,,
br83-5,"Jewelry Item",family,,,,,,,0,unisex,,0,,,,,NEEDS_VERIFICATION,,
"br85-3 ","Jewelry Item",family,,,,,,,0,unisex,,0,,,,,NEEDS_VERIFICATION,,
C72,"Celtic Band",family,,,,,,,0,unisex,,0,,,,,NEEDS_VERIFICATION,,
F120M,"Wedding Band",family,,,,,,,0,unisex,,0,,,,,NEEDS_VERIFICATION,,
F1379,"Jewelry Item",family,,,,,,,0,unisex,,0,,,,,NEEDS_VERIFICATION,,
F138,"Jewelry Item",family,,,,,,,0,unisex,,0,,,,,NEEDS_VERIFICATION,,
F140,"Jewelry Item",family,,,,,,,0,unisex,,0,,,,,NEEDS_VERIFICATION,,
F2518,"Jewelry Item",family,,,,,,,0,unisex,,0,,,,,NEEDS_VERIFICATION,,
F2519,"Jewelry Item",family,,,,,,,0,unisex,,0,,,,,NEEDS_VERIFICATION,,
F2520_Alt1,"Jewelry Item",family,,,,,,,0,unisex,,0,,,,,NEEDS_VERIFICATION,,
F2520_Alt2,"Jewelry Item",family,,,,,,,0,unisex,,0,,,,,NEEDS_VERIFICATION,,
F2520_Alt3,"Jewelry Item",family,,,,,,,0,unisex,,0,,,,,NEEDS_VERIFICATION,,
F2520.1,"Jewelry Item",family,,,,,,,0,unisex,,0,,,,,NEEDS_VERIFICATION,,
F2524,"Jewelry Item",family,,,,,,,0,unisex,,0,,,,,NEEDS_VERIFICATION,,
F2524_Alt1,"Jewelry Item",family,,,,,,,0,unisex,,0,,,,,NEEDS_VERIFICATION,,
F2524_Alt2,"Jewelry Item",family,,,,,,,0,unisex,,0,,,,,NEEDS_VERIFICATION,,
F2524_Alt3,"Jewelry Item",family,,,,,,,0,unisex,,0,,,,,NEEDS_VERIFICATION,,
F2530_Alt3,"Jewelry Item",family,,,,,,,0,unisex,,0,,,,,NEEDS_VERIFICATION,,
F2530-0,"Jewelry Item",family,,,,,,,0,unisex,,0,,,,,NEEDS_VERIFICATION,,
F2530-1,"Jewelry Item",family,,,,,,,0,unisex,,0,,,,,NEEDS_VERIFICATION,,
F2531,"Jewelry Item",family,,,,,,,0,unisex,,0,,,,,NEEDS_VERIFICATION,,
F2531_Alt1,"Jewelry Item",family,,,,,,,0,unisex,,0,,,,,NEEDS_VERIFICATION,,
F2531_Alt2,"Jewelry Item",family,,,,,,,0,unisex,,0,,,,,NEEDS_VERIFICATION,,
F2531_Alt3,"Jewelry Item",family,,,,,,,0,unisex,,0,,,,,NEEDS_VERIFICATION,,
F2532,"Jewelry Item",family,,,,,,,0,unisex,,0,,,,,NEEDS_VERIFICATION,,
F2532_Alt3,"Jewelry Item",family,,,,,,,0,unisex,,0,,,,,NEEDS_VERIFICATION,,
F2538,"Jewelry Item",family,,,,,,,0,unisex,,0,,,,,NEEDS_VERIFICATION,,
F2540,"Jewelry Item",family,,,,,,,0,unisex,,0,,,,,NEEDS_VERIFICATION,,
F2540_Alt1,"Jewelry Item",family,,,,,,,0,unisex,,0,,,,,NEEDS_VERIFICATION,,
F2540_Alt2,"Jewelry Item",family,,,,,,,0,unisex,,0,,,,,NEEDS_VERIFICATION,,
F2540_Alt3,"Jewelry Item",family,,,,,,,0,unisex,,0,,,,,NEEDS_VERIFICATION,,
F2547_Alt1,"Jewelry Item",family,,,,,,,0,unisex,,0,,,,,NEEDS_VERIFICATION,,
F2547_Alt2,"Jewelry Item",family,,,,,,,0,unisex,,0,,,,,NEEDS_VERIFICATION,,
F2547_Alt3,"Jewelry Item",family,,,,,,,0,unisex,,0,,,,,NEEDS_VERIFICATION,,
F2552,"Jewelry Item",family,,,,,,,0,unisex,,0,,,,,NEEDS_VERIFICATION,,
F2552TestR,"Galaxy Band",family,,,,,,,0,unisex,,0,,,,,NEEDS_VERIFICATION,,
F2552TestW,"Galaxy Band",family,,,,,,,0,unisex,,0,,,,,NEEDS_VERIFICATION,,
F2552TestY,"Galaxy Band",family,,,,,,,0,unisex,,0,,,,,NEEDS_VERIFICATION,,
F2554,"Jewelry Item",family,,,,,,,0,unisex,,0,,,,,NEEDS_VERIFICATION,,
F2554_Alt1,"Jewelry Item",family,,,,,,,0,unisex,,0,,,,,NEEDS_VERIFICATION,,
F2554_Alt2,"Jewelry Item",family,,,,,,,0,unisex,,0,,,,,NEEDS_VERIFICATION,,
F2554_Alt3,"Jewelry Item",family,,,,,,,0,unisex,,0,,,,,NEEDS_VERIFICATION,,
F2556_Alt1,"Jewelry Item",family,,,,,,,0,unisex,,0,,,,,NEEDS_VERIFICATION,,
F2556_Alt2,"Jewelry Item",family,,,,,,,0,unisex,,0,,,,,NEEDS_VERIFICATION,,
F2556_Alt3,"Jewelry Item",family,,,,,,,0,unisex,,0,,,,,NEEDS_VERIFICATION,,
F2560,"Jewelry Item",family,,,,,,,0,unisex,,0,,,,,NEEDS_VERIFICATION,,
F2560_Alt1,"Jewelry Item",family,,,,,,,0,unisex,,0,,,,,NEEDS_VERIFICATION,,
F2560_Alt2,"Jewelry Item",family,,,,,,,0,unisex,,0,,,,,NEEDS_VERIFICATION,,
F2560_Alt3,"Jewelry Item",family,,,,,,,0,unisex,,0,,,,,NEEDS_VERIFICATION,,
F2575,"Jewelry Item",family,,,,,,,0,unisex,,0,,,,,NEEDS_VERIFICATION,,
F2579,"Jewelry Item",family,,,,,,,0,unisex,,0,,,,,NEEDS_VERIFICATION,,
F2579_Alt1,"Jewelry Item",family,,,,,,,0,unisex,,0,,,,,NEEDS_VERIFICATION,,
F2579_Alt2,"Jewelry Item",family,,,,,,,0,unisex,,0,,,,,NEEDS_VERIFICATION,,
F2579_Alt3,"Jewelry Item",family,,,,,,,0,unisex,,0,,,,,NEEDS_VERIFICATION,,
F2579TTRW,"Galaxy Band",family,,,,,,,0,unisex,,0,,,,,NEEDS_VERIFICATION,,
F2579TTRY,"Galaxy Band",family,,,,,,,0,unisex,,0,,,,,NEEDS_VERIFICATION,,
F2579TTWR,"Galaxy Band",family,,,,,,,0,unisex,,0,,,,,NEEDS_VERIFICATION,,
F2579TTWY,"Galaxy Band",family,,,,,,,0,unisex,,0,,,,,NEEDS_VERIFICATION,,
F2579TTYR,"Galaxy Band",family,,,,,,,0,unisex,,0,,,,,NEEDS_VERIFICATION,,
F2584,"Jewelry Item",family,,,,,,,0,unisex,,0,,,,,NEEDS_VERIFICATION,,
F2584_alt,"Jewelry Item",family,,,,,,,0,unisex,,0,,,,,NEEDS_VERIFICATION,,
F2585,"Jewelry Item",family,,,,,,,0,unisex,,0,,,,,NEEDS_VERIFICATION,,
f2586_Alt3,"Jewelry Item",family,,,,,,,0,unisex,,0,,,,,NEEDS_VERIFICATION,,
F2591,"Jewelry Item",family,,,,,,,0,unisex,,0,,,,,NEEDS_VERIFICATION,,
F2591.1,"Jewelry Item",family,,,,,,,0,unisex,,0,,,,,NEEDS_VERIFICATION,,
F2593,"Jewelry Item",family,,,,,,,0,unisex,,0,,,,,NEEDS_VERIFICATION,,
F2593_Alt1,"Jewelry Item",family,,,,,,,0,unisex,,0,,,,,NEEDS_VERIFICATION,,
F2593_Alt2,"Jewelry Item",family,,,,,,,0,unisex,,0,,,,,NEEDS_VERIFICATION,,
f2593_Alt3,"Jewelry Item",family,,,,,,,0,unisex,,0,,,,,NEEDS_VERIFICATION,,
F2594,"Jewelry Item",family,,,,,,,0,unisex,,0,,,,,NEEDS_VERIFICATION,,
F2594TTRW,"Galaxy Band",family,,,,,,,0,unisex,,0,,,,,NEEDS_VERIFICATION,,
F2594TTRY,"Galaxy Band",family,,,,,,,0,unisex,,0,,,,,NEEDS_VERIFICATION,,
F2594TTWR,"Galaxy Band",family,,,,,,,0,unisex,,0,,,,,NEEDS_VERIFICATION,,
F2594TTWY,"Galaxy Band",family,,,,,,,0,unisex,,0,,,,,NEEDS_VERIFICATION,,
F2594TTYR,"Galaxy Band",family,,,,,,,0,unisex,,0,,,,,NEEDS_VERIFICATION,,
F2595,"Jewelry Item",family,,,,,,,0,unisex,,0,,,,,NEEDS_VERIFICATION,,
F2595_Alt1,"Jewelry Item",family,,,,,,,0,unisex,,0,,,,,NEEDS_VERIFICATION,,
F2595_Alt2,"Jewelry Item",family,,,,,,,0,unisex,,0,,,,,NEEDS_VERIFICATION,,
F2595_Alt3,"Jewelry Item",family,,,,,,,0,unisex,,0,,,,,NEEDS_VERIFICATION,,
F2596_Alt1,"Jewelry Item",family,,,,,,,0,unisex,,0,,,,,NEEDS_VERIFICATION,,
F2596_Alt2,"Jewelry Item",family,,,,,,,0,unisex,,0,,,,,NEEDS_VERIFICATION,,
F2596_Alt3,"Jewelry Item",family,,,,,,,0,unisex,,0,,,,,NEEDS_VERIFICATION,,
F400T,"Galaxy Band",family,,,,,,,0,unisex,,0,,,,,NEEDS_VERIFICATION,,
F400T_Alt3,"Galaxy Band",family,,,,,,,0,unisex,,0,,,,,NEEDS_VERIFICATION,,
F400T-2,"Galaxy Band",family,,,,,,,0,unisex,,0,,,,,NEEDS_VERIFICATION,,
F5t90,"Jewelry Item",family,,,,,,,0,unisex,,0,,,,,NEEDS_VERIFICATION,,
F6T18FC,"Galaxy Band",family,,,,,,,0,unisex,,0,,,,,NEEDS_VERIFICATION,,
FFC41,"Jewelry Item",family,,,,,,,0,unisex,,0,,,,,NEEDS_VERIFICATION,,
FFC42,"Jewelry Item",family,,,,,,,0,unisex,,0,,,,,NEEDS_VERIFICATION,,
FP91,"Jewelry Item",family,,,,,,,0,unisex,,0,,,,,NEEDS_VERIFICATION,,
FP93,"Jewelry Item",family,,,,,,,0,unisex,,0,,,,,NEEDS_VERIFICATION,,
FPHH,"Jewelry Item",family,,,,,,,0,unisex,,0,,,,,NEEDS_VERIFICATION,,
fphh_altr1,"Jewelry Item",family,,,,,,,0,unisex,,0,,,,,NEEDS_VERIFICATION,,
FPR,"Jewelry Item",family,,,,,,,0,unisex,,0,,,,,NEEDS_VERIFICATION,,
FS32-2,"Jewelry Item",family,,,,,,,0,unisex,,0,,,,,NEEDS_VERIFICATION,,
4-H_S9,"Jewelry Item",school,,,,,,,0,unisex,,0,,,,,NEEDS_VERIFICATION,,
airplane_large,"Jewelry Item",school,,,,,,,0,unisex,,0,,,,,NEEDS_VERIFICATION,,
all_star_ladies_small,"Jewelry Item",school,,,,,,,0,unisex,,0,,,,,NEEDS_VERIFICATION,,
allstar,"Jewelry Item",school,,,,,,,0,unisex,,0,,,,,NEEDS_VERIFICATION,,
"aquarius midsize","Jewelry Item",school,,,,,,,0,unisex,,0,,,,,NEEDS_VERIFICATION,,
archery_midsize,"Jewelry Item",school,,,,,,,0,unisex,,0,,,,,NEEDS_VERIFICATION,,
"aries midsize","Jewelry Item",school,,,,,,,0,unisex,,0,,,,,NEEDS_VERIFICATION,,
art_petite,"Jewelry Item",school,,,,,,,0,unisex,,0,,,,,NEEDS_VERIFICATION,,
ATV_large,"Galaxy Band",school,,,,,,,0,unisex,,0,,,,,NEEDS_VERIFICATION,,
badminton_large,"Jewelry Item",school,,,,,,,0,unisex,,0,,,,,NEEDS_VERIFICATION,,
ballerina_petite,"Jewelry Item",school,,,,,,,0,unisex,,0,,,,,NEEDS_VERIFICATION,,
band_classic,"Jewelry Item",school,,,,,,,0,unisex,,0,,,,,NEEDS_VERIFICATION,,
banner_dated_med,"Jewelry Item",school,,,,,,,0,unisex,,0,,,,,NEEDS_VERIFICATION,,
"baseball player","Jewelry Item",school,,,,,,,0,unisex,,0,,,,,NEEDS_VERIFICATION,,
basketball_mens_large,"Jewelry Item",school,,,,,,,0,unisex,,0,,,,,NEEDS_VERIFICATION,,
bear,"Jewelry Item",school,,,,,,,0,unisex,,0,,,,,NEEDS_VERIFICATION,,
beauty_pageant_small,"Jewelry Item",school,,,,,,,0,unisex,,0,,,,,NEEDS_VERIFICATION,,
bowling_medium,"Jewelry Item",school,,,,,,,0,unisex,,0,,,,,NEEDS_VERIFICATION,,
boxer,"Jewelry Item",school,,,,,,,0,unisex,,0,,,,,NEEDS_VERIFICATION,,
broadcasting_midsize,"Jewelry Item",school,,,,,,,0,unisex,,0,,,,,NEEDS_VERIFICATION,,
broomball,"Jewelry Item",school,,,,,,,0,unisex,,0,,,,,NEEDS_VERIFICATION,,
bulldog_mediium,"Jewelry Item",school,,,,,,,0,unisex,,0,,,,,NEEDS_VERIFICATION,,
caduceus_midsize,"Jewelry Item",school,,,,,,,0,unisex,,0,,,,,NEEDS_VERIFICATION,,
camera_dated_small,"Jewelry Item",school,,,,,,,0,unisex,,0,,,,,NEEDS_VERIFICATION,,
camera_small,"Jewelry Item",school,,,,,,,0,unisex,,0,,,,,NEEDS_VERIFICATION,,
"cancer midsize","Jewelry Item",school,,,,,,,0,unisex,,0,,,,,NEEDS_VERIFICATION,,
"capricorn midsize","Jewelry Item",school,,,,,,,0,unisex,,0,,,,,NEEDS_VERIFICATION,,
cardinal,"Jewelry Item",school,,,,,,,0,unisex,,0,,,,,NEEDS_VERIFICATION,,
carpentry,"Jewelry Item",school,,,,,,,0,unisex,,0,,,,,NEEDS_VERIFICATION,,
chess_medium,"Jewelry Item",school,,,,,,,0,unisex,,0,,,,,NEEDS_VERIFICATION,,
chief_large,"Jewelry Item",school,,,,,,,0,unisex,,0,,,,,NEEDS_VERIFICATION,,
clarinet,"Jewelry Item",school,,,,,,,0,unisex,,0,,,,,NEEDS_VERIFICATION,,
"class of","Jewelry Item",school,,,,,,,0,unisex,,0,,,,,NEEDS_VERIFICATION,,
"class of large","Jewelry Item",school,,,,,,,0,unisex,,0,,,,,NEEDS_VERIFICATION,,
class_of_mid,"Jewelry Item",school,,,,,,,0,unisex,,0,,,,,NEEDS_VERIFICATION,,
class_of_with_diamond_setting,"Jewelry Item",school,,,,,,,0,unisex,,0,,,,,NEEDS_VERIFICATION,,
classe_de_large,"Jewelry Item",school,,,,,,,0,unisex,,0,,,,,NEEDS_VERIFICATION,,
cobra_sm,"Jewelry Item",school,,,,,,,0,unisex,,0,,,,,NEEDS_VERIFICATION,,
computer,"Jewelry Item",school,,,,,,,0,unisex,,0,,,,,NEEDS_VERIFICATION,,
condor_mid,"Jewelry Item",school,,,,,,,0,unisex,,0,,,,,NEEDS_VERIFICATION,,
condor_midsize_gold,"Jewelry Item",school,,,,,,,0,unisex,,0,,,,,NEEDS_VERIFICATION,,
cross_and_laurel_sm,"Jewelry Item",school,,,,,,,0,unisex,,0,,,,,NEEDS_VERIFICATION,,
"crossed bats dated","Jewelry Item",school,,,,,,,0,unisex,,0,,,,,NEEDS_VERIFICATION,,
"crossed hockey sticks","Jewelry Item",school,,,,,,,0,unisex,,0,,,,,NEEDS_VERIFICATION,,
crown_small,"Jewelry Item",school,,,,,,,0,unisex,,0,,,,,NEEDS_VERIFICATION,,
CT15,"Celtic Band",school,,,,,,,0,unisex,,0,,,,,NEEDS_VERIFICATION,,
curling_sm,"Jewelry Item",school,,,,,,,0,unisex,,0,,,,,NEEDS_VERIFICATION,,
dated_cougar_lrge,"Jewelry Item",school,,,,,,,0,unisex,,0,,,,,NEEDS_VERIFICATION,,
devil_mid,"Jewelry Item",school,,,,,,,0,unisex,,0,,,,,NEEDS_VERIFICATION,,
dragon_mid,"Jewelry Item",school,,,,,,,0,unisex,,0,,,,,NEEDS_VERIFICATION,,
drum_lrg,"Jewelry Item",school,,,,,,,0,unisex,,0,,,,,NEEDS_VERIFICATION,,
eagle_small,"Jewelry Item",school,,,,,,,0,unisex,,0,,,,,NEEDS_VERIFICATION,,
electrician,"Jewelry Item",school,,,,,,,0,unisex,,0,,,,,NEEDS_VERIFICATION,,
excellence,"Jewelry Item",school,,,,,,,0,unisex,,0,,,,,NEEDS_VERIFICATION,,
female_hockey_figure_s9,"Jewelry Item",school,,,,,,,0,unisex,,0,,,,,NEEDS_VERIFICATION,,
fieldhockey,"Jewelry Item",school,,,,,,,0,unisex,,0,,,,,NEEDS_VERIFICATION,,
fieldhockey_small,"Jewelry Item",school,,,,,,,0,unisex,,0,,,,,NEEDS_VERIFICATION,,
figure_skater_petite,"Jewelry Item",school,,,,,,,0,unisex,,0,,,,,NEEDS_VERIFICATION,,
fish_lrg,"Jewelry Item",school,,,,,,,0,unisex,,0,,,,,NEEDS_VERIFICATION,,
fishing_medium,"Jewelry Item",school,,,,,,,0,unisex,,0,,,,,NEEDS_VERIFICATION,,
"flag dated","Jewelry Item",school,,,,,,,0,unisex,,0,,,,,NEEDS_VERIFICATION,,
football,"Jewelry Item",school,,,,,,,0,unisex,,0,,,,,NEEDS_VERIFICATION,,
football_helmet_lrg,"Jewelry Item",school,,,,,,,0,unisex,,0,,,,,NEEDS_VERIFICATION,,
"gemini midsize","Jewelry Item",school,,,,,,,0,unisex,,0,,,,,NEEDS_VERIFICATION,,
geography_s9,"Jewelry Item",school,,,,,,,0,unisex,,0,,,,,NEEDS_VERIFICATION,,
goalie_large,"Jewelry Item",school,,,,,,,0,unisex,,0,,,,,NEEDS_VERIFICATION,,
"golf petite","Jewelry Item",school,,,,,,,0,unisex,,0,,,,,NEEDS_VERIFICATION,,
grad_full_year,"Jewelry Item",school,,,,,,,0,unisex,,0,,,,,NEEDS_VERIFICATION,,
"griffin classic","Jewelry Item",school,,,,,,,0,unisex,,0,,,,,NEEDS_VERIFICATION,,
guitar_dated_large,"Jewelry Item",school,,,,,,,0,unisex,,0,,,,,NEEDS_VERIFICATION,,
gymnastics_s9,"Jewelry Item",school,,,,,,,0,unisex,,0,,,,,NEEDS_VERIFICATION,,
hawk_medium,"Jewelry Item",school,,,,,,,0,unisex,,0,,,,,NEEDS_VERIFICATION,,
"hockey figure dated midsize mans","Jewelry Item",school,,,,,,,0,unisex,,0,,,,,NEEDS_VERIFICATION,,
husky_small,"Jewelry Item",school,,,,,,,0,unisex,,0,,,,,NEEDS_VERIFICATION,,
jazz,"Jewelry Item",school,,,,,,,0,unisex,,0,,,,,NEEDS_VERIFICATION,,
"justice midsize","Jewelry Item",school,,,,,,,0,unisex,,0,,,,,NEEDS_VERIFICATION,,
knight_midsize,"Jewelry Item",school,,,,,,,0,unisex,,0,,,,,NEEDS_VERIFICATION,,
lacrosse_large,"Jewelry Item",school,,,,,,,0,unisex,,0,,,,,NEEDS_VERIFICATION,,
lamp&laurels_large_undated,"Jewelry Item",school,,,,,,,0,unisex,,0,,,,,NEEDS_VERIFICATION,,
lamp&laurels_S9,"Jewelry Item",school,,,,,,,0,unisex,,0,,,,,NEEDS_VERIFICATION,,
lancer,"Jewelry Item",school,,,,,,,0,unisex,,0,,,,,NEEDS_VERIFICATION,,
laurelslamp_dated_large,"Jewelry Item",school,,,,,,,0,unisex,,0,,,,,NEEDS_VERIFICATION,,
"leo midsize","Jewelry Item",school,,,,,,,0,unisex,,0,,,,,NEEDS_VERIFICATION,,
"libra midsize","Jewelry Item",school,,,,,,,0,unisex,,0,,,,,NEEDS_VERIFICATION,,
lightning,"Jewelry Item",school,,,,,,,0,unisex,,0,,,,,NEEDS_VERIFICATION,,
lion_midsize,"Jewelry Item",school,,,,,,,0,unisex,,0,,,,,NEEDS_VERIFICATION,,
Mapleleafl_S9B,"Jewelry Item",school,,,,,,,0,unisex,,0,,,,,NEEDS_VERIFICATION,,
marlin_mans,"Jewelry Item",school,,,,,,,0,unisex,,0,,,,,NEEDS_VERIFICATION,,
martial_arts_lrg,"Jewelry Item",school,,,,,,,0,unisex,,0,,,,,NEEDS_VERIFICATION,,
mechanic_lrg,"Jewelry Item",school,,,,,,,0,unisex,,0,,,,,NEEDS_VERIFICATION,,
Mens_Gymnastics_S7,"Jewelry Item",school,,,,,,,0,unisex,,0,,,,,NEEDS_VERIFICATION,,
motorcross,"Jewelry Item",school,,,,,,,0,unisex,,0,,,,,NEEDS_VERIFICATION,,
music_dated,"Jewelry Item",school,,,,,,,0,unisex,,0,,,,,NEEDS_VERIFICATION,,
mustang_midsize,"Jewelry Item",school,,,,,,,0,unisex,,0,,,,,NEEDS_VERIFICATION,,
ontario_scholar_lrg,"Jewelry Item",school,,,,,,,0,unisex,,0,,,,,NEEDS_VERIFICATION,,
panther_midsize,"Jewelry Item",school,,,,,,,0,unisex,,0,,,,,NEEDS_VERIFICATION,,
"patriot_ lrg","Jewelry Item",school,,,,,,,0,unisex,,0,,,,,NEEDS_VERIFICATION,,
paw_petite,"Jewelry Item",school,,,,,,,0,unisex,,0,,,,,NEEDS_VERIFICATION,,
petite_frog,"Jewelry Item",school,,,,,,,0,unisex,,0,,,,,NEEDS_VERIFICATION,,
petite_honours,"Jewelry Item",school,,,,,,,0,unisex,,0,,,,,NEEDS_VERIFICATION,,
petite_paw,"Jewelry Item",school,,,,,,,0,unisex,,0,,,,,NEEDS_VERIFICATION,,
petite_ringette,"Jewelry Item",school,,,,,,,0,unisex,,0,,,,,NEEDS_VERIFICATION,,
petite_RN,"Jewelry Item",school,,,,,,,0,unisex,,0,,,,,NEEDS_VERIFICATION,,
petite_sadd,"Jewelry Item",school,,,,,,,0,unisex,,0,,,,,NEEDS_VERIFICATION,,
phoenix_sm,"Jewelry Item",school,,,,,,,0,unisex,,0,,,,,NEEDS_VERIFICATION,,
pirate_midsize,"Jewelry Item",school,,,,,,,0,unisex,,0,,,,,NEEDS_VERIFICATION,,
"pisces midsize","Jewelry Item",school,,,,,,,0,unisex,,0,,,,,NEEDS_VERIFICATION,,
ram_dated,"Jewelry Item",school,,,,,,,0,unisex,,0,,,,,NEEDS_VERIFICATION,,
rifle,"Jewelry Item",school,,,,,,,0,unisex,,0,,,,,NEEDS_VERIFICATION,,
roadrunner_midsize,"Jewelry Item",school,,,,,,,0,unisex,,0,,,,,NEEDS_VERIFICATION,,
rodeo_mid,"Jewelry Item",school,,,,,,,0,unisex,,0,,,,,NEEDS_VERIFICATION,,
rowing_sm,"Jewelry Item",school,,,,,,,0,unisex,,0,,,,,NEEDS_VERIFICATION,,
rugby_dated_lrg,"Jewelry Item",school,,,,,,,0,unisex,,0,,,,,NEEDS_VERIFICATION,,
rugby_player_midsize,"Jewelry Item",school,,,,,,,0,unisex,,0,,,,,NEEDS_VERIFICATION,,
rugby_womans,"Jewelry Item",school,,,,,,,0,unisex,,0,,,,,NEEDS_VERIFICATION,,
rugby_womans_small,"Jewelry Item",school,,,,,,,0,unisex,,0,,,,,NEEDS_VERIFICATION,,
rugbyplayer_lrg,"Jewelry Item",school,,,,,,,0,unisex,,0,,,,,NEEDS_VERIFICATION,,
"sagittarius midsize","Jewelry Item",school,,,,,,,0,unisex,,0,,,,,NEEDS_VERIFICATION,,
sailing_midsize,"Jewelry Item",school,,,,,,,0,unisex,,0,,,,,NEEDS_VERIFICATION,,
"save petite","Jewelry Item",school,,,,,,,0,unisex,,0,,,,,NEEDS_VERIFICATION,,
"scorpio midsize","Jewelry Item",school,,,,,,,0,unisex,,0,,,,,NEEDS_VERIFICATION,,
"shark midsize","Jewelry Item",school,,,,,,,0,unisex,,0,,,,,NEEDS_VERIFICATION,,
"shield coach lrg","Jewelry Item",school,,,,,,,0,unisex,,0,,,,,NEEDS_VERIFICATION,,
"shield equipment manager lrg","Jewelry Item",school,,,,,,,0,unisex,,0,,,,,NEEDS_VERIFICATION,,
"shield manager lrg","Jewelry Item",school,,,,,,,0,unisex,,0,,,,,NEEDS_VERIFICATION,,
"shield only small","Jewelry Item",school,,,,,,,0,unisex,,0,,,,,NEEDS_VERIFICATION,,
"shield treasurer lrg","Jewelry Item",school,,,,,,,0,unisex,,0,,,,,NEEDS_VERIFICATION,,
"skate boarder midsize","Jewelry Item",school,,,,,,,0,unisex,,0,,,,,NEEDS_VERIFICATION,,
"skate dated large","Jewelry Item",school,,,,,,,0,unisex,,0,,,,,NEEDS_VERIFICATION,,
skate_petite,"Jewelry Item",school,,,,,,,0,unisex,,0,,,,,NEEDS_VERIFICATION,,
"skier female small","Jewelry Item",school,,,,,,,0,unisex,,0,,,,,NEEDS_VERIFICATION,,
"snowboarder midsize","Jewelry Item",school,,,,,,,0,unisex,,0,,,,,NEEDS_VERIFICATION,,
"snowmoble large","Jewelry Item",school,,,,,,,0,unisex,,0,,,,,NEEDS_VERIFICATION,,
"soccer female figure dated midsize","Jewelry Item",school,,,,,,,0,unisex,,0,,,,,NEEDS_VERIFICATION,,
"soccer large","Jewelry Item",school,,,,,,,0,unisex,,0,,,,,NEEDS_VERIFICATION,,
sport_shield_number_lrg,"Jewelry Item",school,,,,,,,0,unisex,,0,,,,,NEEDS_VERIFICATION,,
"SR101DB_combined view","Signet Ring",school,,,,,,,0,unisex,,0,,,,,NEEDS_VERIFICATION,,
"SR101DB_view with date","Signet Ring",school,,,,,,,0,unisex,,0,,,,,NEEDS_VERIFICATION,,
"SR101DB_view with side stones","Signet Ring",school,,,,,,,0,unisex,,0,,,,,NEEDS_VERIFICATION,,
SR103B,"Signet Ring",school,,,,,,,0,unisex,,0,,,,,NEEDS_VERIFICATION,,
SR105DB,"Signet Ring",school,,,,,,,0,unisex,,0,,,,,NEEDS_VERIFICATION,,
SR109D,"Signet Ring",school,,,,,,,0,unisex,,0,,,,,NEEDS_VERIFICATION,,
sr111d,"Jewelry Item",school,,,,,,,0,unisex,,0,,,,,NEEDS_VERIFICATION,,
SR119D,"Signet Ring",school,,,,,,,0,unisex,,0,,,,,NEEDS_VERIFICATION,,
sr121d,"Jewelry Item",school,,,,,,,0,unisex,,0,,,,,NEEDS_VERIFICATION,,
sr123d,"Jewelry Item",school,,,,,,,0,unisex,,0,,,,,NEEDS_VERIFICATION,,
SR125DB,"Signet Ring",school,,,,,,,0,unisex,,0,,,,,NEEDS_VERIFICATION,,
SR13B,"Signet Ring",school,,,,,,,0,unisex,,0,,,,,NEEDS_VERIFICATION,,
SR15B,"Signet Ring",school,,,,,,,0,unisex,,0,,,,,NEEDS_VERIFICATION,,
SR15DB,"Signet Ring",school,,,,,,,0,unisex,,0,,,,,NEEDS_VERIFICATION,,
SR17B,"Signet Ring",school,,,,,,,0,unisex,,0,,,,,NEEDS_VERIFICATION,,
sr20dm,"Jewelry Item",school,,,,,,,0,unisex,,0,,,,,NEEDS_VERIFICATION,,
SR21B,"Signet Ring",school,,,,,,,0,unisex,,0,,,,,NEEDS_VERIFICATION,,
SR21B_second_view,"Signet Ring",school,,,,,,,0,unisex,,0,,,,,NEEDS_VERIFICATION,,
"SR21B_with diamond centre","Signet Ring",school,,,,,,,0,unisex,,0,,,,,NEEDS_VERIFICATION,,
"SR21B_with stone bezel","Signet Ring",school,,,,,,,0,unisex,,0,,,,,NEEDS_VERIFICATION,,
SR23B,"Signet Ring",school,,,,,,,0,unisex,,0,,,,,NEEDS_VERIFICATION,,
SR25B,"Signet Ring",school,,,,,,,0,unisex,,0,,,,,NEEDS_VERIFICATION,,
SR27B,"Signet Ring",school,,,,,,,0,unisex,,0,,,,,NEEDS_VERIFICATION,,
SR27DB,"Signet Ring",school,,,,,,,0,unisex,,0,,,,,NEEDS_VERIFICATION,,
SR39DM,"Wedding Band",school,,,,,,,0,unisex,,0,,,,,NEEDS_VERIFICATION,,
SR46M,"Wedding Band",school,,,,,,,0,unisex,,0,,,,,NEEDS_VERIFICATION,,
SR51B,"Signet Ring",school,,,,,,,0,unisex,,0,,,,,NEEDS_VERIFICATION,,
SR53B,"Signet Ring",school,,,,,,,0,unisex,,0,,,,,NEEDS_VERIFICATION,,
SR55B,"Signet Ring",school,,,,,,,0,unisex,,0,,,,,NEEDS_VERIFICATION,,
SR57B,"Signet Ring",school,,,,,,,0,unisex,,0,,,,,NEEDS_VERIFICATION,,
SR59B,"Signet Ring",school,,,,,,,0,unisex,,0,,,,,NEEDS_VERIFICATION,,
SR60DM,"Wedding Band",school,,,,,,,0,unisex,,0,,,,,NEEDS_VERIFICATION,,
SR610B_gold,"Signet Ring",school,,,,,,,0,unisex,,0,,,,,NEEDS_VERIFICATION,,
SR610B_silver,"Signet Ring",school,,,,,,,0,unisex,,0,,,,,NEEDS_VERIFICATION,,
SR610DB_16,"Signet Ring",school,,,,,,,0,unisex,,0,,,,,NEEDS_VERIFICATION,,
SR610DB_20,"Signet Ring",school,,,,,,,0,unisex,,0,,,,,NEEDS_VERIFICATION,,
sr63db,"Jewelry Item",school,,,,,,,0,unisex,,0,,,,,NEEDS_VERIFICATION,,
SR79B,"Signet Ring",school,,,,,,,0,unisex,,0,,,,,NEEDS_VERIFICATION,,
SR81B,"Signet Ring",school,,,,,,,0,unisex,,0,,,,,NEEDS_VERIFICATION,,
SR83B,"Signet Ring",school,,,,,,,0,unisex,,0,,,,,NEEDS_VERIFICATION,,
SR85DB,"Signet Ring",school,,,,,,,0,unisex,,0,,,,,NEEDS_VERIFICATION,,
sr87db,"Jewelry Item",school,,,,,,,0,unisex,,0,,,,,NEEDS_VERIFICATION,,
SR89DB,"Signet Ring",school,,,,,,,0,unisex,,0,,,,,NEEDS_VERIFICATION,,
SR91B,"Signet Ring",school,,,,,,,0,unisex,,0,,,,,NEEDS_VERIFICATION,,
SR91B_,"Signet Ring",school,,,,,,,0,unisex,,0,,,,,NEEDS_VERIFICATION,,
sr91b_10K,"Jewelry Item",school,,,,,,,0,unisex,,0,,,,,NEEDS_VERIFICATION,,
SR93B,"Signet Ring",school,,,,,,,0,unisex,,0,,,,,NEEDS_VERIFICATION,,
SR95B,"Signet Ring",school,,,,,,,0,unisex,,0,,,,,NEEDS_VERIFICATION,,
SR97B,"Signet Ring",school,,,,,,,0,unisex,,0,,,,,NEEDS_VERIFICATION,,
SR99B,"Signet Ring",school,,,,,,,0,unisex,,0,,,,,NEEDS_VERIFICATION,,
star_of_life_lrg,"Jewelry Item",school,,,,,,,0,unisex,,0,,,,,NEEDS_VERIFICATION,,
"student council small","Jewelry Item",school,,,,,,,0,unisex,,0,,,,,NEEDS_VERIFICATION,,
"student govt large","Jewelry Item",school,,,,,,,0,unisex,,0,,,,,NEEDS_VERIFICATION,,
"swimmer female midsize","Jewelry Item",school,,,,,,,0,unisex,,0,,,,,NEEDS_VERIFICATION,,
"taurus midsize","Jewelry Item",school,,,,,,,0,unisex,,0,,,,,NEEDS_VERIFICATION,,
"thunderbird midsize","Jewelry Item",school,,,,,,,0,unisex,,0,,,,,NEEDS_VERIFICATION,,
"tiger large","Jewelry Item",school,,,,,,,0,unisex,,0,,,,,NEEDS_VERIFICATION,,
"tiger large with tiger eye stone","Jewelry Item",school,,,,,,,0,unisex,,0,,,,,NEEDS_VERIFICATION,,
"titians large","Jewelry Item",school,,,,,,,0,unisex,,0,,,,,NEEDS_VERIFICATION,,
"torch and laurels petite","Jewelry Item",school,,,,,,,0,unisex,,0,,,,,NEEDS_VERIFICATION,,
"track & field large","Jewelry Item",school,,,,,,,0,unisex,,0,,,,,NEEDS_VERIFICATION,,
"track & field petite","Jewelry Item",school,,,,,,,0,unisex,,0,,,,,NEEDS_VERIFICATION,,
"trojan small","Jewelry Item",school,,,,,,,0,unisex,,0,,,,,NEEDS_VERIFICATION,,
"valedictorian sm","Jewelry Item",school,,,,,,,0,unisex,,0,,,,,NEEDS_VERIFICATION,,
"viking midsize","Jewelry Item",school,,,,,,,0,unisex,,0,,,,,NEEDS_VERIFICATION,,
"virgo midsize","Jewelry Item",school,,,,,,,0,unisex,,0,,,,,NEEDS_VERIFICATION,,
"volleyball dated small","Jewelry Item",school,,,,,,,0,unisex,,0,,,,,NEEDS_VERIFICATION,,
"weightlifter large","Jewelry Item",school,,,,,,,0,unisex,,0,,,,,NEEDS_VERIFICATION,,
welding,"Jewelry Item",school,,,,,,,0,unisex,,0,,,,,NEEDS_VERIFICATION,,
"welding midsize","Jewelry Item",school,,,,,,,0,unisex,,0,,,,,NEEDS_VERIFICATION,,
"wildcats misize","Jewelry Item",school,,,,,,,0,unisex,,0,,,,,NEEDS_VERIFICATION,,
"wolf small","Jewelry Item",school,,,,,,,0,unisex,,0,,,,,NEEDS_VERIFICATION,,
"wolverines midsize","Jewelry Item",school,,,,,,,0,unisex,,0,,,,,NEEDS_VERIFICATION,,
"wrestling large","Jewelry Item",school,,,,,,,0,unisex,,0,,,,,NEEDS_VERIFICATION,,
year_only_mid,"Jewelry Item",school,,,,,,,0,unisex,,0,,,,,NEEDS_VERIFICATION,,
yearbook,"Jewelry Item",school,,,,,,,0,unisex,,0,,,,,NEEDS_VERIFICATION,,
CJ750M,"Celtic Band",corporate,,,,,,,0,unisex,,0,,,,,NEEDS_VERIFICATION,,
S16M,"Wedding Band",corporate,,,,,,,0,unisex,,0,,,,,NEEDS_VERIFICATION,,
s16m_military,"Jewelry Item",corporate,,,,,,,0,unisex,,0,,,,,NEEDS_VERIFICATION,,
S16RDM,"Wedding Band",corporate,,,,,,,0,unisex,,0,,,,,NEEDS_VERIFICATION,,
S17B,"Signet Ring",corporate,,,,,,,0,unisex,,0,,,,,NEEDS_VERIFICATION,,
S190B,"Signet Ring",corporate,,,,,,,0,unisex,,0,,,,,NEEDS_VERIFICATION,,
S48M,"Wedding Band",corporate,,,,,,,0,unisex,,0,,,,,NEEDS_VERIFICATION,,
S490B,"Signet Ring",corporate,,,,,,,0,unisex,,0,,,,,NEEDS_VERIFICATION,,
S491DB,"Signet Ring",corporate,,,,,,,0,unisex,,0,,,,,NEEDS_VERIFICATION,,
S49M,"Wedding Band",corporate,,,,,,,0,unisex,,0,,,,,NEEDS_VERIFICATION,,
S50DM,"Wedding Band",corporate,,,,,,,0,unisex,,0,,,,,NEEDS_VERIFICATION,,
S510MIN,"Signet Ring",corporate,,,,,,,0,unisex,,0,,,,,NEEDS_VERIFICATION,,
S510XS,"Signet Ring",corporate,,,,,,,0,unisex,,0,,,,,NEEDS_VERIFICATION,,
S52DM,"Wedding Band",corporate,,,,,,,0,unisex,,0,,,,,NEEDS_VERIFICATION,,
S53DL,"Wedding Band",corporate,,,,,,,0,unisex,,0,,,,,NEEDS_VERIFICATION,,
S54M,"Wedding Band",corporate,,,,,,,0,unisex,,0,,,,,NEEDS_VERIFICATION,,
S56M,"Wedding Band",corporate,,,,,,,0,unisex,,0,,,,,NEEDS_VERIFICATION,,
S74M,"Wedding Band",corporate,,,,,,,0,unisex,,0,,,,,NEEDS_VERIFICATION,,
S75L,"Wedding Band",corporate,,,,,,,0,unisex,,0,,,,,NEEDS_VERIFICATION,,
SA12CM,"Wedding Band",corporate,,,,,,,0,unisex,,0,,,,,NEEDS_VERIFICATION,,
sa12m,"Jewelry Item",corporate,,,,,,,0,unisex,,0,,,,,NEEDS_VERIFICATION,,
SA14M,"Wedding Band",corporate,,,,,,,0,unisex,,0,,,,,NEEDS_VERIFICATION,,
SA16M,"Wedding Band",corporate,,,,,,,0,unisex,,0,,,,,NEEDS_VERIFICATION,,
SA18M,"Wedding Band",corporate,,,,,,,0,unisex,,0,,,,,NEEDS_VERIFICATION,,
SA20M,"Wedding Band",corporate,,,,,,,0,unisex,,0,,,,,NEEDS_VERIFICATION,,
SM52M,"Wedding Band",corporate,,,,,,,0,unisex,,0,,,,,NEEDS_VERIFICATION,,
SM53L,"Wedding Band",corporate,,,,,,,0,unisex,,0,,,,,NEEDS_VERIFICATION,,
SM58M,"Wedding Band",corporate,,,,,,,0,unisex,,0,,,,,NEEDS_VERIFICATION,,
CNA301B,"Celtic Band",professional,,,,,,,0,unisex,,0,,,,,NEEDS_VERIFICATION,,
EMT31M,"Galaxy Band",professional,,,,,,,0,unisex,,0,,,,,NEEDS_VERIFICATION,,
LPFF6,"Jewelry Item",professional,,,,,,,0,unisex,,0,,,,,NEEDS_VERIFICATION,,
P-FF2-2,"Jewelry Item",professional,,,,,,,0,unisex,,0,,,,,NEEDS_VERIFICATION,,
P-FF5,"Jewelry Item",professional,,,,,,,0,unisex,,0,,,,,NEEDS_VERIFICATION,,
p-rpn1,"Jewelry Item",professional,,,,,,,0,unisex,,0,,,,,NEEDS_VERIFICATION,,
p-rpn1-alt1,"Jewelry Item",professional,,,,,,,0,unisex,,0,,,,,NEEDS_VERIFICATION,,
p-rpn1-alt2,"Jewelry Item",professional,,,,,,,0,unisex,,0,,,,,NEEDS_VERIFICATION,,
PA1,"Jewelry Item",professional,,,,,,,0,unisex,,0,,,,,NEEDS_VERIFICATION,,
PA1-alt1,"Jewelry Item",professional,,,,,,,0,unisex,,0,,,,,NEEDS_VERIFICATION,,
PA1-alt2,"Jewelry Item",professional,,,,,,,0,unisex,,0,,,,,NEEDS_VERIFICATION,,
PAR14M,"Wedding Band",professional,,,,,,,0,unisex,,0,,,,,NEEDS_VERIFICATION,,
pcw,"Jewelry Item",professional,,,,,,,0,unisex,,0,,,,,NEEDS_VERIFICATION,,
pcw301B,"Jewelry Item",professional,,,,,,,0,unisex,,0,,,,,NEEDS_VERIFICATION,,
pcw301B-alt1,"Jewelry Item",professional,,,,,,,0,unisex,,0,,,,,NEEDS_VERIFICATION,,
pcw301B-alt2,"Jewelry Item",professional,,,,,,,0,unisex,,0,,,,,NEEDS_VERIFICATION,,
PFF2.2,"Jewelry Item",professional,,,,,,,0,unisex,,0,,,,,NEEDS_VERIFICATION,,
RN31M,"Wedding Band",professional,,,,,,,0,unisex,,0,,,,,NEEDS_VERIFICATION,,
RN31M-alt1,"Jewelry Item",professional,,,,,,,0,unisex,,0,,,,,NEEDS_VERIFICATION,,
VET15L,"Galaxy Band",professional,,,,,,,0,unisex,,0,,,,,NEEDS_VERIFICATION,,
1121,"Ladies Ring",ladies_jewelry,stone_set,,,,,,0,unisex,,0,,,index_page_ladiesstone-001.pdf,,NEEDS_VERIFICATION,,
1122,"Ladies Ring",ladies_jewelry,stone_set,,,,,,0,unisex,,0,,,index_page_ladiesstone-001.pdf,,NEEDS_VERIFICATION,,
1206,"Ladies Ring",ladies_jewelry,stone_set,,,,,,0,unisex,,0,,,index_page_ladiesstone-001.pdf,,NEEDS_VERIFICATION,,
1296,"Ladies Ring",ladies_jewelry,stone_set,,,,,,0,unisex,,0,,,index_page_ladiesstone-001.pdf,,NEEDS_VERIFICATION,,
1297,"Ladies Ring",ladies_jewelry,stone_set,,,,,,0,unisex,,0,,,index_page_ladiesstone-001.pdf,,NEEDS_VERIFICATION,,
1302,"Ladies Ring",ladies_jewelry,stone_set,,,,,,0,unisex,,0,,,index_page_ladiesstone-001.pdf,,NEEDS_VERIFICATION,,
1304,"Ladies Ring",ladies_jewelry,stone_set,,,,,,0,unisex,,0,,,index_page_ladiesstone-001.pdf,,NEEDS_VERIFICATION,,
1330,"Ladies Ring",ladies_jewelry,stone_set,,,,,,0,unisex,,0,,,index_page_ladiesstone-001.pdf,,NEEDS_VERIFICATION,,
1380,"Ladies Ring",ladies_jewelry,stone_set,,,,,,0,unisex,,0,,,index_page_ladiesstone-001.pdf,,NEEDS_VERIFICATION,,
1502,"Ladies Ring",ladies_jewelry,stone_set,,,,,,0,unisex,,0,,,index_page_ladiesstone-001.pdf,,NEEDS_VERIFICATION,,
1625,"Ladies Ring",ladies_jewelry,stone_set,,,,,,0,unisex,,0,,,index_page_ladiesstone-001.pdf,,NEEDS_VERIFICATION,,
1626,"Ladies Ring",ladies_jewelry,stone_set,,,,,,0,unisex,,0,,,index_page_ladiesstone-001.pdf,,NEEDS_VERIFICATION,,
1634,"Ladies Ring",ladies_jewelry,stone_set,,,,,,0,unisex,,0,,,index_page_ladiesstone-001.pdf,,NEEDS_VERIFICATION,,
1696,"Ladies Ring",ladies_jewelry,stone_set,,,,,,0,unisex,,0,,,index_page_ladiesstone-001.pdf,,NEEDS_VERIFICATION,,
1861,"Ladies Ring",ladies_jewelry,stone_set,,,,,,0,unisex,,0,,,index_page_ladiesstone-001.pdf,,NEEDS_VERIFICATION,,
1862,"Ladies Ring",ladies_jewelry,stone_set,,,,,,0,unisex,,0,,,index_page_ladiesstone-001.pdf,,NEEDS_VERIFICATION,,
1863,"Ladies Ring",ladies_jewelry,stone_set,,,,,,0,unisex,,0,,,index_page_ladiesstone-001.pdf,,NEEDS_VERIFICATION,,
1864,"Ladies Ring",ladies_jewelry,stone_set,,,,,,0,unisex,,0,,,index_page_ladiesstone-001.pdf,,NEEDS_VERIFICATION,,
1866,"Ladies Ring",ladies_jewelry,stone_set,,,,,,0,unisex,,0,,,index_page_ladiesstone-001.pdf,,NEEDS_VERIFICATION,,
1898,Ring,ladies_jewelry,,,,,,,0,unisex,,0,,,index_page_ladiesstone-001.pdf,,NEEDS_VERIFICATION,,
1902C,"Jewelry Item",ladies_jewelry,,,,,,,0,unisex,,0,,,index_page_ladiesstone-001.pdf,,NEEDS_VERIFICATION,,
1904,Ring,ladies_jewelry,,,,,,,0,unisex,,0,,,index_page_ladiesstone-001.pdf,,NEEDS_VERIFICATION,,
1932,"Ladies Ring",ladies_jewelry,stone_set,,,,,,0,unisex,,0,,,index_page_ladiesstone-001.pdf,,NEEDS_VERIFICATION,,
1950,"Ladies Ring",ladies_jewelry,stone_set,,,,,,0,unisex,,0,,,index_page_ladiesstone-001.pdf,,NEEDS_VERIFICATION,,
1952,"Ladies Ring",ladies_jewelry,stone_set,,,,,,0,unisex,,0,,,index_page_ladiesstone-001.pdf,,NEEDS_VERIFICATION,,
1965,"Ladies Ring",ladies_jewelry,stone_set,,,,,,0,unisex,,0,,,index_page_ladiesstone-001.pdf,,NEEDS_VERIFICATION,,
1970,Ring,ladies_jewelry,,,,,,,0,unisex,,0,,,index_page_ladiesstone-001.pdf,,NEEDS_VERIFICATION,,
1971,"Ladies Ring",ladies_jewelry,stone_set,,,,,,0,unisex,,0,,,index_page_ladiesstone-001.pdf,,NEEDS_VERIFICATION,,
1980,"Ladies Ring",ladies_jewelry,stone_set,,,,,,0,unisex,,0,,,index_page_ladiesstone-001.pdf,,NEEDS_VERIFICATION,,
1981,"Ladies Ring",ladies_jewelry,stone_set,,,,,,0,unisex,,0,,,index_page_ladiesstone-001.pdf,,NEEDS_VERIFICATION,,
1996,"Ladies Ring",ladies_jewelry,stone_set,,,,,,0,unisex,,0,,,index_page_ladiesstone-001.pdf,,NEEDS_VERIFICATION,,
1997,"Ladies Ring",ladies_jewelry,stone_set,,,,,,0,unisex,,0,,,index_page_ladiesstone-001.pdf,,NEEDS_VERIFICATION,,
1998,"Ladies Ring",ladies_jewelry,stone_set,,,,,,0,unisex,,0,,,index_page_ladiesstone-001.pdf,,NEEDS_VERIFICATION,,
1999,"Ladies Ring",ladies_jewelry,stone_set,,,,,,0,unisex,,0,,,index_page_ladiesstone-001.pdf,,NEEDS_VERIFICATION,,
2002,Ring,ladies_jewelry,,,,,,,0,unisex,,0,,,index_page_ladiesstone-001.pdf,,NEEDS_VERIFICATION,,
2239,Ring,ladies_jewelry,,,,,,,0,unisex,,0,,,index_page_ladiesstone-001.pdf,,NEEDS_VERIFICATION,,
2241,Ring,ladies_jewelry,,,,,,,0,unisex,,0,,,index_page_ladiesstone-001.pdf,,NEEDS_VERIFICATION,,
2283,Ring,ladies_jewelry,,,,,,,0,unisex,,0,,,index_page_ladiesstone-001.pdf,,NEEDS_VERIFICATION,,
2285D,"Jewelry Item",ladies_jewelry,,,,,,,0,unisex,,0,,,index_page_ladiesstone-001.pdf,,NEEDS_VERIFICATION,,
2286,Ring,ladies_jewelry,,,,,,,0,unisex,,0,,,index_page_ladiesstone-001.pdf,,NEEDS_VERIFICATION,,
2287,Ring,ladies_jewelry,,,,,,,0,unisex,,0,,,index_page_ladiesstone-001.pdf,,NEEDS_VERIFICATION,,
2288,Ring,ladies_jewelry,,,,,,,0,unisex,,0,,,index_page_ladiesstone-001.pdf,,NEEDS_VERIFICATION,,
2289,Ring,ladies_jewelry,,,,,,,0,unisex,,0,,,index_page_ladiesstone-001.pdf,,NEEDS_VERIFICATION,,
2290,Ring,ladies_jewelry,,,,,,,0,unisex,,0,,,index_page_ladiesstone-001.pdf,,NEEDS_VERIFICATION,,
C223,"Ladies Ring",ladies_jewelry,stone_set,,,,,,0,unisex,,0,,,index_page_ladiesstone-001.pdf,,NEEDS_VERIFICATION,,
C223C_chocolatepearl_72dpi,"Celtic Band",ladies_jewelry,,,,,,,0,unisex,,0,,,index_page_ladiesstone-001.pdf,,NEEDS_VERIFICATION,,
C297,"Celtic Band",ladies_jewelry,,,,,,,0,unisex,,0,,,index_page_ladiesstone-001.pdf,,NEEDS_VERIFICATION,,
C55,"Ladies Ring",ladies_jewelry,stone_set,,,,,,0,unisex,,0,,,index_page_ladiesstone-001.pdf,,NEEDS_VERIFICATION,,
C71,"Celtic Band",ladies_jewelry,,,,,,,0,unisex,,0,,,index_page_ladiesstone-001.pdf,,NEEDS_VERIFICATION,,
C75,"Ladies Ring",ladies_jewelry,stone_set,,,,,,0,unisex,,0,,,index_page_ladiesstone-001.pdf,,NEEDS_VERIFICATION,,
C76,"Ladies Ring",ladies_jewelry,stone_set,,,,,,0,unisex,,0,,,index_page_ladiesstone-001.pdf,,NEEDS_VERIFICATION,,
C77,"Ladies Ring",ladies_jewelry,stone_set,,,,,,0,unisex,,0,,,index_page_ladiesstone-001.pdf,,NEEDS_VERIFICATION,,
C79,"Ladies Ring",ladies_jewelry,stone_set,,,,,,0,unisex,,0,,,index_page_ladiesstone-001.pdf,,NEEDS_VERIFICATION,,
C80,"Ladies Ring",ladies_jewelry,stone_set,,,,,,0,unisex,,0,,,index_page_ladiesstone-001.pdf,,NEEDS_VERIFICATION,,
C81,"Ladies Ring",ladies_jewelry,stone_set,,,,,,0,unisex,,0,,,index_page_ladiesstone-001.pdf,,NEEDS_VERIFICATION,,
C82,"Ladies Ring",ladies_jewelry,stone_set,,,,,,0,unisex,,0,,,index_page_ladiesstone-001.pdf,,NEEDS_VERIFICATION,,
C84,"Ladies Ring",ladies_jewelry,stone_set,,,,,,0,unisex,,0,,,index_page_ladiesstone-001.pdf,,NEEDS_VERIFICATION,,
C85,"Ladies Ring",ladies_jewelry,stone_set,,,,,,0,unisex,,0,,,index_page_ladiesstone-001.pdf,,NEEDS_VERIFICATION,,
C86,"Ladies Ring",ladies_jewelry,stone_set,,,,,,0,unisex,,0,,,index_page_ladiesstone-001.pdf,,NEEDS_VERIFICATION,,
C88,"Ladies Ring",ladies_jewelry,stone_set,,,,,,0,unisex,,0,,,index_page_ladiesstone-001.pdf,,NEEDS_VERIFICATION,,
C89,"Ladies Ring",ladies_jewelry,stone_set,,,,,,0,unisex,,0,,,index_page_ladiesstone-001.pdf,,NEEDS_VERIFICATION,,
C92,"Ladies Ring",ladies_jewelry,stone_set,,,,,,0,unisex,,0,,,index_page_ladiesstone-001.pdf,,NEEDS_VERIFICATION,,
C93,"Ladies Ring",ladies_jewelry,stone_set,,,,,,0,unisex,,0,,,index_page_ladiesstone-001.pdf,,NEEDS_VERIFICATION,,
C94,"Ladies Ring",ladies_jewelry,stone_set,,,,,,0,unisex,,0,,,index_page_ladiesstone-001.pdf,,NEEDS_VERIFICATION,,
C95,"Ladies Ring",ladies_jewelry,stone_set,,,,,,0,unisex,,0,,,index_page_ladiesstone-001.pdf,,NEEDS_VERIFICATION,,
C98,"Ladies Ring",ladies_jewelry,stone_set,,,,,,0,unisex,,0,,,index_page_ladiesstone-001.pdf,,NEEDS_VERIFICATION,,
