Supplier,Type,Invoice,Transaction,Period,Check,Date,DueDate,Amount,Name,Address2,Address3,City,PostalCode,Terms,Discount
416B01,1,,,,,,,,416 BOX COMPANY LTD,UNIT 1 - 64 BARTOR ROAD,NORTH YORK,ONTARIO,M9M 2G5,00,00
ADVA09,1,,,,,,,,ADVANTAGE PACKAGING LIMITED,UNIT #3, 76 BIGGAR AVENUE,,HAMILTON, ONT.,L8L 3Z4,30,00
AFFO01,1,,,,,,,,AFFORDABLE PLUMBING "N" WATER,TREATMENT,8 ROSEMARIE BLVD. R.R.#1,DELHI,ON.,N4B 2W4,30,00
ALBE01,1,,,,,,,,ALBERT MENSCH SOHNE GMBH,TIEFENSTEINER STRABE 242b,55743  IDAR-OBERSTEIN,WEST GERMANY,,30,00
ALLS01,1,,,,,,,,ALLSTREAM BUSINESS INC.,ATTN;ACCOUNT RECEIVABLE,200 WILLINGTON ST. WEST,TORONTO,ON.,M5V 3G2,30,00
ALPH01,1,,,,,,,,ALPHACHEM LIMITED,2485 MILLTOWER COURT,,MISSISSAUGA, ONT.,L5N 5Z6,30,00
ALRU01,1,,,,,,,,ALRUE - DO ALL,10-40 45TH AVE, 2ND FLOOR,,LONG ISLAND CITY, NY,11101,30,00
ALST01,1,,,,,,,,AL'S TIRE SERVICE,R. R. #1,,BURGESSVILLE, ONT.,N0J 1C0,01,00
AMER01,1,,,,,,,,AMERICAN HOSPITAL SUPPLY CAN.,2390 ARGENTIA ROAD,,MISSISSAUGA, ONT.,L5N 3P1,30,00
AMPR01,1,,,,,,,,AMPRO ELECTRIC LTD.,20 KITCHENER AVE., UNIT 28,,LONDON, ONT.,N5Z 2B2,30,00
AMST01,1,,,,,,,,AMSTERDAM SERTISSAGE,910 RUE GOUIN,,LAVAL,QC,H7X 3H4,30,00
ANIS01,1,,,,,,,,ANISSIMOFF & ASSOCIATES INC.,341 TALBOT STREET,SUITE 215,TALBOT COURT,LONDON,ON.,N6A 2R5,30,00
APPL01,1,,,,,,,,APPLE AUTO GLASS,72B VIENNA ROAD,,TILLSONBURG, ONT.,N4G 3C8,00,00
ARCH01,1,,,,,,,,ARCH CROWN TAGS, INC.,277 HALSEY ST,,NEWARK, N.J.,07102 USA,30,00
ARCT01,1,,,,,,,,ARCTIC PKG INDUSTRIES INC,22 BUTTERMILL AVE,,CONCORD, ONT.,L4K 3X4,01,00
ATLA01,1,,,,,,,,ATLANTIC PACKAGING PRODUCTS,111 PROGRESS AVE,,SCARBOROUGH, ONT.,M1P 2Y9,30,00
BALA01,1,,,,,,,,BALASS IMPORTS CANADA INC.,1435 RUE ST. ALEXANDRE ST.,SUITE 1225,,MONTREAL, QUE.,H3A 2G4,30,00
BARC01,1,,,,,,,,C.D.BARCADOS CO.LTD.,55 QUEEN ST.E,SUITE 700,TORONTO, ON,M5C 1R6,30,00
BAYS01,1,,,,,,,,BAYSIDE SEPTIC SERVICE 2012INC,685 HIGHWAY 24,R. R. #1,ST. WILLIAMS, ONT.,N0E 1P0,30,00
BCAP01,1,,,,,,,,B C APPRAISALS,BRENDA COOPER,54 ROSS AVE.,SIMCOE,ON.,,30,00
BEAR01,1,,,,,,,,WAYNE K BEARD,8 ANN ST.,,TILLSONBURG,ON.,N4G 3X6,30,00
BELL01,1,,,,,,,,BELL CANADA,CUSTOMER PAYMENT CENTRE,P.O.BOX 3650 STATION DON MILLS,TORONTO, ON,M3C 3X9,30,00
BELL02,1,,,,,,,,BELL CANADA,BOX 9000,STN DON MILLS,NORTH YORK, ONT.,M3C 2X7,30,00
BELL02,3,2121-JAN,2,20260228,014462,20260205,        ,000043882
BELL02,3,2121-JAN,1,20260131,,20260128,20260228,000043882
BELL03,1,,,,,,,,BELL MOBILITY,P.O. BOX 5102,,BURLINGTON, ONT.,L7R 4R7,01,00
BELL03,3,5860-JAN,2,20260228,014481,20260226,        ,000029020
BELL03,3,5860-JAN,1,20260131,,20260204,20260204,000029020
BELL04,1,,,,,,,,BELL,P.O. BOX 1550,,NORTH YORK, ON.,M3C 3N5,30,00
BELL05,1,,,,,,,,BELL CANADA,P.O. BOX 1550,STN DON MILLS,NORTH YORK,ON.,M3C 3N5,30,00
BELL05,3,2121-JAN,2,20260228,014472,20260212,        ,000001539
BELL05,3,2121-JAN,1,20260131,,20260201,20260301,000001539
BILL01,1,,,,,,,,BILL'S SEPTIC LTD.,ED DOVE,17 BERKLEY CRESCENT,SIMCOE,ON.,N3Y 2K3,30,00
BING01,1,,,,,,,,THE BINGHAM GROUP (INC),1035 TOY AVENUE, UNIT 8,,PICKERING, ONT.,L1W 3N9,30,00
BOCG01,1,,,,,,,,THE LINDE GROUP,5860 CHEDWORTH WAY,,MISSISSAUGA, ONT.,L5R 0A2,30,00
BOSS01,1,,,,,,,,BOSS TOOLING INC.,131 TOWNLINE ROAD , UNIT E,,TILLSONBURG, ONT.,N4G 2R5,30,00
BOST01,1,,,,,,,,STANLEY BOSTITCH,19 RANGEMORE ROAD,,TORONTO, ONT.,M8Z 5H9,30,00
BRAN01,1,,,,,,,,BRANSON ULTRASONICS,(DIV OF EMERSON ELEC.),P.O. BOX 8985 STATION A,TORONTO, ON.,M5W 2C5,30,00
BURN01,1,,,,,,,,GEORGE BURNETT LTD.,BOX 243,,COURTLAND, ONT.,N0J 1E0,01,00
BYRE01,1,,,,,,,,BYREX GEMS INC.,27 QUEEN ST. E.,SUITE 407,TORONTO, ON.,M5C 2M6,30,00
CABA01,1,,,,,,,,CABANO-KINGSWAY INC.,6700 CHEMIN ST-FRANCOIS,,SAINT-LAURENT, QUE.,H4S 1B7,01,00
CADM01,1,,,,,,,,CADMAN POWER EQUIPMENT LTD,BOX 100,,COURTLAND, ONT.,N0J 1E0,01,00
CADM03,1,,,,,,,,CADMAN IRRIGATION & EQUIP LTD,P.O. BOX 127,,BURFORD, ONT.,N0E 1A0,01,00
CALI01,1,,,,,,,,CALIPER PAPER BOX LIMITED,64 BARTOR ROAD, UNIT 1,,NORTH YORK,ONTARIO,M9M 2G5,01,00
CAMS01,1,,,,,,,,CAMSTAT GRAPHIC SUPPLY LTD.,93 GREEN LANE,,THORNHILL, ONT.,L3T 6K6,30,20
CANA20,1,,,,,,,,CANADIAN BEARINGS LTD.,1012 HUBREY ROAD,,LONDON, ONT.,N6N 1B5,01,00
CANA22,1,,,,,,,,CANADIAN DISPOSAL REDUCTION &,SERVICES  (VERKUIL ROOFING),R. R. #6,TILLSONBURG, ONT.,N4G 4G9,01,00
CANA30,1,,,,,,,,CANADIAN JEWELLER,STYLE COMMUNICATIONS INC.,555 RICHMOND ST. W., SUITE 701,TORONTO, ONT,M5V 3B1,30,00
CANA32,1,,,,,,,,CANADIAN JEWELLERS ASSOCIATION,55 QUEEN STREET EAST,UNIT 205,TORONTO,ON.,M5C 1R6,60,00
CANA35,1,,,,,,,,CANADIAN PROFESSIONAL,SALES ASSOCIATION,1920-2 BLOOR ST E,TORONTO,ON.,M4W 9Z9,30,00
CANA40,1,,,,,,,,CANADA POST CORPORATION,PAYMENT PROCESSING,2701 RIVERSIDE DRIVE,OTTAWA,ON.,K1A 1L7,30,00
CANA45,1,,,,,,,,CANADA POST,187 TALBOT ST,,COURTLAND,ON.,N0J 1E0,01,00
CANO01,1,,,,,,,,CANON CANADA INC.,LOCKBOX 914820,P.O. BOX 4090,STN A,TORONTO,ON,M5W 0E9,30,00
CANP01,1,,,,,,,,CANPAR TRANSPORT LTD.,1290 CENTRAL PARKWAY WEST,SUITE 500,MISSISSAUGA, ONT.,L5C 4R9,01,00
CANT01,1,,,,,,,,CANTEL,P.O. BOX 9100,,DON MILLS, ONT.,M3C 3P9,01,00
CARR02,1,,,,,,,,CARRIER'S TREE SERVICE,1895 10TH CONCESSION,R.R.# 3,LANGTON,ON.,N0E 1G0,30,00
CEYL01,1,,,,,,,,CEYLON GEMS & JEWELLERY,55 QUEEN STREET E,SUITE 1401,TORONTO,ON.,M5C 1R6,30,00
CFIB01,1,,,,,,,,CFIB,,,,,00,00
CHAN01,1,,,,,,,,CHANDLER INDUSTRIAL SUPPLIES,1051 BREVIK PLACE,,MISSISSAUGA, ONT.,L4W 3R7,30,00
CHES01,1,,,,,,,,CHESTERMAN POWER PRODUCTS,BOX 572,,TILLSONBURG, ONT.,N4G 4J1,01,00
CHSP01,1,,,,,,,,CHS PLUMBING,34 POTTERS ROAD,,TILLSONBURG,ON,N4G 2G8,30,00
CHUB01,1,,,,,,,,CHUBB SECURITY SYSTEMS,P.O. BOX 57005,STATION A,TORONTO,ON.,M5W 5M5,30,00
CIBC01,1,,,,,,,,CIBC AEROPLAN VISA INFINITE,BOX 4595, STATION A,,TORONTO, ONT.,M5W 4X9,30,00
CIBC03,1,,,,,,,,CIBC AEROPLAN,P.O. BOX 4451, STATION A,,TORONTO, ONT.,M5W 4A7,30,00
CIBC03,3,FEBRUARY,1,20260228,,20260215,20260315,000214461
CIBC03,3,FEBRUARY,2,20260228,014478,20260226,        ,000214461
CIVI01,1,,,,,,,,CIVIC PLANNING SOLUTIONS INC.,61 TRAILEVIEW DRIVE,,TILLSONBURG,ON.,N4G 0C6,30,00
CJG-01,1,,,,,,,,CANADIAN JLRY GROUP CO-OP,386 BROADWAY,SUITE 503,WINNIPEG,MB,R3C 3R6,30,00
CJG-01,3,126586FEB,1,20260228,,20250415,20250515,000045200
CJG-01,3,126586FEB,2,20260228,014459,20260202,        ,000045200
CLAS01,1,,,,,,,,CLASSIC BOX CORP. LTD.,245 BATES ROAD,,MONTREAL, QUE.,H3S 1A1,30,00
CLEA01,1,,,,,,,,CLEAN UP,1075 CHARLOTTEVILLE RD.,R.R.#6,SIMCOE,ON.,N3Y 4K5,30,00
COBB01,1,,,,,,,,COBB & JONES,TWO TALBOT ST. N.,BOX 548,SIMCOE, ONT.,N3Y 4N5,01,00
COBB05,1,,,,,,,,W R COBB COMPANY, INC.,800 WATERMAN AVENUE,EAST PROVIDENCE,RHODE ISLAND,02914 USA,30,00
COLL01,1,,,,,,,,REED EXHIBITIONS INC #T6229,re COLLECTIONS BY JCK 2008,BOX 6100, POSTAL STN F,TORONTO, ONT.,M4Y 2Z2,01,00
CORP01,1,,,,,,,,CORPORATE EXPRESS,STAPLES ADVANTAGE,PO BOX 4446, STAATION A,TORONTO, ON.,M5W 4A2,30,00
COUR01,1,,,,,,,,COURTLAND VINYL WINDOWS LTD.,P.O. BOX 52, NORTH STREET,,COURTLAND, ONT.,N0J 1E0,30,00
COUR05,1,,,,,,,,COURTLAND PROFESSIONAL,PROPERTY MANAGEMENT,332789 PLANK LINE,HWY.#3 RR #7,TILLSONBURG, ONT.,N4G 4H1,01,00
COUR10,1,,,,,,,,COURTLAND PUBLIC SCHOOL,1012 QUEEN STREET,P.O. BOX 245,COURTLAND,ON.,N0J 1E0,30,00
CPAS01,1,,,,,,,,CANADIAN POLICE ASSOCIATION,P.O. BOX 4819, POST. STN "E",99 FOURTH AVENUE,OTTAWA, ONT.,K1S 5H9,30,00
CRA-01,1,,,,,,,,RECEIVER GENERAL,,,,,30,00
CUTT01,1,,,,,,,,CUTTING EDGE CAD/CAM SOLUTIONS,2 BILLINGHAM ROAD, STE 304,,TORONTO, ONT.,M9B 6E1,30,00
CWME01,1,,,,,,,,C.W.MECHANICAL,840 MCKAY CRESC.,,MILTON,ON.,L9T 6L2,30,00
DALL01,1,,,,,,,,DALLOZ INDUSTRIE LAPIDAIRE S.A,39310 SEPTMONCEL,,FRANCE,,01,00
DARL01,1,,,,,,,,DARLINGTON WIRING & PLUMBING,R. R. #1,,DELHI, ONT.,N4B 2W4,01,00
DCRE01,1,,,,,,,,DC RENOS,DEREK CLARK,30 NORTH STREET,COURTLAND,ON.,N0J 1E0,30,00
DEGR01,1,,,,,,,,DeGROOTE-HILL,BOX 127, HIGHWAY #3,,TILLSONBURG, ONT.,N4G 4H3,00,00
DELA01,1,,,,,,,,DE LAGE LANDEN SERVICES,C/O T4557 PO BOX 4557 STN A,,TORONTO,ON.,M5W 0K1,60,00
DELB01,1,,,,,,,,DEL-BAC SALES LIMITED,102 ARGYLE AVENUE,,DELHI, ONT.,N4B 1J3,30,00
DELH40,1,,,,,,,,DELHI  DIE & MFG. CO. LTD.,40  INDUSTRIAL DR, BOX 152,,DELHI, ONT.,N4B 2W9,30,00
DELM01,1,,,,,,,,DELMAR (3077675 CANADA INC),1085 ST. ALEXANDRE, SUITE #350,,MONTREAL, QUE.,H2Z 1P4,30,00
DENN01,1,,,,,,,,DENNIS COLT PACKAGING LTD.,245 DRUMLING CIRCLE,,CONCORD, ONT.,L4K 3E4,01,00
DHLC01,1,,,,,,,,DHL CUSTOM BROKERAGE LTD.,6205 AIRPORT RD, BLD B #400,,MISSISSAUGA, ONT.,L4V 1E1,01,00
DIAM01,1,,,,,,,,DIAMANT P.D. LTEE.,4810 JEAN TALON WEST #418,,MONTREAL, QUE.,H4P 2N5,30,00
DIAM03,1,,,,,,,,DIAMARK MFG. CO.,DIV OF MARK BERMAN HOLDINGS,7-302 TOWNSGATE DR.,THORNHILL, ONT.,L4J Z94,01,00
DICK01,1,,,,,,,,JIM DICKENSON,R R #2,,COURTLAND, ONT.,N0J 1E0,01,00
DICK70,1,,,,,,,,DICKSON DESIGN & ASSOC. LTD.,619 MAIN ST. S.,P.O. BOX 15,BURGESSVILLE, ONT.,N0J 1C0,30,00
DODS01,1,,,,,,,,DODSLEY PROPANE,45 SPRUCE STREET,,TILLSONBURG, ONT.,N4G 5C4,01,00
DOMI01,1,,,,,,,,DOMINION BLUELINE INC.,39 GREEN BELT DRIVE,,DON MILLS, ONT.,M3C 1M2,01,00
DOWD01,1,,,,,,,,WM DOWDS & SONS,245 MAIN STREET EAST,BOX 40,OTTERVILLE, ONT.,N0J 1R0,01,00
DURH01,1,,,,,,,,DURHAM PLASTIC DISPLAY CO.,5-1845 SANDSTONE MANOR,,PICKERING, ONTARIO,L1W 3X9,01,00
DYNA01,1,,,,,,,,DYNAMIC FLUID PRODUCTS INC.,BOX 220, 40 CEDAR STREET,,TILLSONBURG, ONT.,N4G 4H5,01,20
EAST01,1,,,,,,,,EES BEARING SERVICE INC.,BOX 266,,TILLSONBURG, ONT.,N4G 4H5,30,00
ECON01,1,,,,,,,,THE ECONOMICAL INS. GROUP,BOX 18362, STN BRM B,,TORONTO, ONT,M7Y 3J1,01,00
EDPI01,1,,,,,,,,ENGINEERED PLASTIC DESIGNS INC,5787 STEELES AVE. W.,,NORTH YORK, ONT.,M9L 2W3,30,00
EICH01,1,,,,,,,,EICHENBERG MOTORS (1971) LTD.,39 BROADWAY,,TILLSONBURG, ONT.,N4G 3P2,01,00
EISI01,1,,,,,,,,EISINGER CANADA LTD.,1111 FINCH AVE WEST #34,,DOWNSVIEW, ONT.,M3J 2E5,30,00
EKBL01,1,,,,,,,,EKBLAD JEWELLERY FINDINGS LTD.,131 SUNRISE AVENUE,,TORONTO, ONT.,M4A 1B2,01,20
ELIM01,1,,,,,,,,ELI METAL PRODUCTS CO,91 HARTFORD AVE, BOX 3329,,PROVIDENCE, R.I. USA,02909-0329,01,00
ENBR01,1,,,,,,,,ENBRIDGE GAS (UNION GAS),PO BOX 644,,SCARBOROUGH,ON.,M1K 5H1,30,00
ENBR01,3,527696FEB,1,20260228,,20260213,20260313,000186321
ENBR01,3,527696FEB,2,20260228,014482,20260226,        ,000186321
ENGE01,1,,,,,,,,ENGELHARD CANADA LTD.,195 RIVIERA DRIVE,,MARKHAM, ONT.,L3R 2L6,30,00
ENGR01,1,,,,,,,,ENGRAVERS DEPOT INC.,215 TRADERS BLVD. EAST,UNITS 5 & 6,MISSISSAUGA, ONT.,L4Z 3K5,30,00
ENTH01,1,,,,,,,,ENTHONE-OMI (CANADA) INC.,121 WATLINE AVENUE,,MISSISSAUGA, ONT.,L4Z 1P2,30,00
EPDI01,1,,,,,,,,ENGINEERED PLASTIC DESIGNS INC,154 MILVAN DRIVE,,TORONTO,ON.,M9L 1Z9,30,00
EQUI01,1,,,,,,,,EQUIPMENT CENTRE, SIMCOE LTD,505 QUEENSWAY W, BOX 571,,SIMCOE, ONT.,N3Y 4N5,30,00
EQUI02,1,,,,,,,,EQUIFAX CANADA INC.,P.O. BOX 4265, STATION A,,TORONTO, ONT.,M5W 5T7,01,00
EQUI03,1,,,,,,,,EQUIFAX COMMERCIAL CREDIT,PLACE BONAVENTURE,P.O. BOX 8000,MONTREAL, QUE.,H5A 1J9,01,00
EQUI06,1,,,,,,,,EQUITABLE LIFE INS CO OF CAN.,ONE WESTMOUNT ROAD N.,BOX 1603, STN WATERLOO,WATERLOO, ONT.,N2J 4C7,01,00
ERTH01,1,,,,,,,,ERTH SOLUTIONS,P.O. BOX 271,,DORCHESTER,ON.,N0L 1G0,30,00
ERTH01,3,1091-JAN,2,20260228,014455,20260202,        ,000006455
ERTH01,3,1091-JAN,1,20260131,,20260129,20260228,000006455
ERTH01,3,1092-JAN,2,20260228,014455,20260202,        ,000009106
ERTH01,3,1092-JAN,1,20260131,,20260129,20260228,000009106
ERTH01,3,1093-JAN,2,20260228,014455,20260202,        ,000006165
ERTH01,3,1093-JAN,1,20260131,,20260129,20260228,000006165
ERTH01,3,1094-JAN,2,20260228,014455,20260202,        ,000007234
ERTH01,3,1094-JAN,1,20260131,,20260129,20260228,000007234
ESTA01,1,,,,,,,,THE ESTABLISHMENT CO.,OBJECT & JLRY DESIGN HOUSE LTD,SUITE 611, 21 DUNDAS SQUARE,TORONTO, ONT.,M5B 1B7,01,00
ETR407,1,,,,,,,,ETR-407 EXPRESS TOLL ROUTE,P.O. BOX 407, STATION "D",,SCARBOROUGH, ONT.,M1R 5J8,01,00
ETRU01,1,,,,,,,,ETRUSCAN JEWELLERY (1988) LTD.,5000 DUFFERIN STREET,UNITS L & M,DOWNSVIEW, ONT.,M3H 5T5,01,00
EVER01,1,,,,,,,,EVERLITE,451 ALLIANCE AVE.,,TORONTO, ONT.,M6N 2J1,30,00
EWOR01,1,,,,,,,,E WORKPLACE TRAINING,P.O. BOX 1476 STATION B,,LONDON,ON.,N6A 5M2,30,00
EXEC02,1,,,,,,,,EXECULINK TELECOM,1127 RIDGEWAY RD.,,WOODSTOCK,ON.,N4V 1E3,30,00
EXEC02,3,275525JAN,2,20260228,014456,20260202,        ,000025237
EXEC02,3,275525JAN,1,20260131,,20260124,20260224,000025237
EXEC02,3,3029FEB,1,20260228,,20260224,20260324,000025197
EXEC02,3,3029FEB,2,20260228,014483,20260226,        ,000025197
F&FT01,1,,,,,,,,F&F TRADING STONE CO INC,525 RICHMOND STREET WEST,,TORONTO, ONT.,M5V 1Y5,01,00
FABR01,1,,,,,,,,FABRIKANT-COMMONWEALTH TRADING,1 QUEEN ST E, SUITE 1820,,TORONTO, ONT.,M5C 2W6,01,00
FAST01,1,,,,,,,,FASTENAL CANADA,25 SPRUCE STREET,,TILLSONBURG, ONT.,N4G 4W6,30,00
FEDE01,1,,,,,,,,FEDERAL EXPRESS CANADA LTD.,P.O. BOX 4626,TORONTO STN A,TORONTO, ONT.,M5W 5B4,01,00
FEDE01,3,271001625,2,20260228,014468,20260205,        ,000020882
FEDE01,3,271001625,1,20260131,,20260123,20260123,000020882
FEDE01,3,271156644,2,20260228,014468,20260205,        ,000015043
FEDE01,3,271156644,1,20260131,,20260130,20260130,000015043
FEDE01,3,271163557,2,20260228,014468,20260205,        ,000003523
FEDE01,3,271163557,1,20260131,,20260130,20260130,000003523
FEDE01,3,271274351,2,20260228,014471,20260212,        ,000021223
FEDE01,3,271274351,1,20260131,,20260206,20260206,000021223
FEDE01,3,271414771,1,20260228,,20260213,20260213,000042877
FEDE01,3,271414771,2,20260228,014480,20260226,        ,000042877
FEDE01,3,271525698,1,20260228,,20260220,20260220,000018573
FEDE01,3,271525698,2,20260228,014480,20260226,        ,000018573
FEDE03,1,,,,,,,,FEDEX TRADE NETWORKS,7075 ORDAN DRIVE,,MISSISSAUGA, ONT.,L5T 1K6,01,00
FISH01,1,,,,,,,,FISHER SCIENTIFIC,145 RENFREW DRIVE, SUITE 119,,MARKHAM, ONT.,L3R 9R6,30,00
FLAG01,1,,,,,,,,FLAGS UNLIMITED INC.,HWY 400, INDUSTRIAL PARK,BOX 24,,THORNTON, ONT.,L0L 2N0,01,00
FLUI01,1,,,,,,,,E F FLUID POWER LTD.,R. R. #2,,LANGTON, ONT.,N0E 1G0,01,00
FODY01,1,,,,,,,,FODY AUTOMOTIVE PLUS,624 MALL ROAD,,TILLSONBURG, ONT.,N4G 4G7,01,00
FORE01,1,,,,,,,,CENTURY WELDING SUPPLIES (1992,994 ADELAIDE ST S.,,LONDON, ONT.,N6E 1R6,30,00
FOSS01,1,,,,,,,,STEPHEN FOSSLER COMPANY, INC.,P.O. BOX 850,,WINDSOR, ONT.,N9A 6P2,30,00
FOUR01,1,,,,,,,,FOUR FOUR FOUR LIMITED,855 RANGEVIEW ROAD,,MISSISSAUGA, ONT.,L5E 1H1,30,00
FRAM01,1,,,,,,,,FRAMPTON MAILING SYSTEMS,450 HORTON STREET EAST,,LONDON, ONT.,N6B 1M3,01,00
GAMB01,1,,,,,,,,GAMBHIR'S IMPORT INT'L LTD.,,21 DUNDAS SQUARE, SUITE 905,TORONTO, ONT.,M5B 1B7,01,00
GAPR01,1,,,,,,,,RAFFI GAPRIELIAN,1 ANTRIM CRESCENT #910,,SCARBOROUGH, ONT.,M1P 4P2,01,00
GEMP01,1,,,,,,,,EPSILON CREATIONS LTD.,(GEMPORT INTERNATIONAL INC),938 CORYDON AVE.,WINNIPEG, MAN.,R3M 0Y5,01,00
GENE01,1,,,,,,,,GENERAL FINDINGS,LEACH & GARNER,P.O. BOX 847429,BOSTON, MA.  U.S.A.,02284-7429,30,10
GEOR01,1,,,,,,,,GEORGE'S AUTO REPAIR,10 BRIDGE STREET WEST,,TILLSONBURG, ONT.,N4G 5C9,30,00
GESS01,1,,,,,,,,GESSWEIN CANADA,317 ATTWELL DRIVE,,TORONTO, ONT.,M9W 5C1,30,00
GESS01,3,233893-2,1,20260228,,20260210,20260310,000016950
GESS01,3,233893-2,2,20260228,014477,20260212,        ,000016950
GESS01,3,234576-1,2,20260228,014477,20260212,        ,000010891
GESS01,3,234576-1,1,20260131,,20260130,20260228,000010891
GESS01,3,234939-1,1,20260228,,20260210,20260310,000124342
GESS01,3,234939-1,2,20260228,014477,20260212,        ,000124342
GETR01,1,,,,,,,,GETRONICS CANADA INC.,150 MIDDLEFIELD ROAD,,TORONTO, ONT.,M1S 4L6,30,00
GJPI01,1,,,,,,,,GJP IMPORTS LTD.,27 QUEEN ST E, SUITE 902,,TORONTO, ONT.,M5C 2M6,01,00
GLEA01,1,,,,,,,,BRIAN GLEASON,113 ROLPH STREET,,TILLSONBURG, ONT.,N4G 3Y5,00,00
GLOB01,1,,,,,,,,GLOBE CHAIN LTD.,888 AVE. CHAMPAGNEUR,,OUTREMONT, QUE.,H2V 3R1,01,00
GRAS01,1,,,,,,,,GRASSMERE CONSTRUCTION,49 NORTH STREET EAST,,TILLSONBURG,ON.,N4G 1B4,30,00
GREA01,1,,,,,,,,GREAT WEST LIFE ASSURANCE CO.,GROUP INS PMT ADMINISTRATION,P.O. BOX 1053,WINNIPEG, MAN.,R3C 2X4,01,00
GREE03,1,,,,,,,,ERNEST GREEN & SON LTD.,2395 SKYMARK AVE.,,MISSISSAUGA, ONT.,L4W 4Y6,30,00
GUEN01,1,,,,,,,,GUENTHER HOMES INC.,,,BROWNSVILLE,ON,N0L 1C0,30,00
GUNT01,1,,,,,,,,GUNTHER MELE (1976) LTD,298 MURRAY ST,,BRANTFORD, ONT.,N3S 5T2,30,00
GUYS01,1,,,,,,,,GUY'S VAC SHOP,343 SIMCOE STREET,,TILLSONBURG, ONT.,N4G 2J7,01,00
HALL01,1,,,,,,,,HALLMARK-SWEET,3794 COLLECTIONS CENTRE DRIVE,,CHICAGO, IL 60693,USA,30,00
HAMI01,1,,,,,,,,HAMISCO INDUSTRIAL SALES INC,3392 WONDERLAND ROAD,,LONDON, ONT.,N6L 1A8,30,00
HAND01,1,,,,,,,,HANDY & HARMAN OF CANADA LTD,290 CARLINGVIEW DRIVE,,REXDALE, ONT.,M9W 5G1,01,00
HANS04,1,,,,,,,,HANSON & WELLS, INC.,45 VANSCO ROAD,,TORONTO, ONT.,M8Z 5J7,30,00
HARD01,1,,,,,,,,CDN HARDINGE MACH TOOLS LTD.,7111 KENEDY ROAD,,MISSISSAUGA, ONT.,L5T 1W1,30,00
HEID01,1,,,,,,,,HEIDELBERG CANADA,6265 KENWAY DRIVE,,MISSISSAUGA, ONT.,L5T 2L3,30,00
HERR01,1,,,,,,,,HERRO MACHINERY LTD.,970 SYSCON ROAD,,BURLINGTON, ONT.,L7L 5S3,30,00
HOME01,1,,,,,,,,CROMPTON HOME BUILDING CENTRES,,101 TILLSON AVE.,TILLSONBURG, ONT.,N4G 3A4,30,00
HOWD03,1,,,,,,,,THE HOWDEN FAN COMPANY,C/O CANADIAN BLOWER,BOX 103, MALTON POSTAL STATION,MISSISSAUGA, ONT.,L4T 3B6,30,00
HUDS01,1,,,,,,,,HUDSON WIRING SOLUTIONS,23 STARDUST DR,,DORCHESTER,ON.,N0L 1G5,30,00
HUNT01,1,,,,,,,,HUNTAPAK CANADA INC.,9033 LESLIE STREET, UNIT 15,,RICHMOND HILL, ONT.,L4B 4K3,01,00
HURL01,1,,,,,,,,HURLEYS MATTRESS & APPLIANCE,58 BRAODWAY ST,,TILLSONBURG,ON.,N4G 3P3,30,00
HUSB01,1,,,,,,,,TERRY HUSBY,#2 - 615 NELSON ST. W.,,PORT DOVER, ONT.,N0A 1N3,01,00
HUST01,1,,,,,,,,KIM HUSTED SURVEYING LTD.,30 HARVEY ST.,,TILLSONBURG, ONT.,N4G 3J8,01,00
HUTT01,1,,,,,,,,HUTTON HOUSE,654 WONDERLAND RD. N.,,LONDON, ONT.,N6H 3E5,01,00
HYDR01,1,,,,,,,,HYDRO ONE NETWORKS,P.O. BOX 4102, STN A,,TORONTO, ONT.,M5W 3L3,30,00
HYDR01,3,0457-JAN,2,20260228,014461,20260205,        ,000004277
HYDR01,3,0457-JAN,1,20260131,,20260202,20260302,000004277
HYDR01,3,1226-JAN,2,20260228,014461,20260205,        ,000030313
HYDR01,3,1226-JAN,1,20260131,,20260202,20260302,000030313
HYDR01,3,4202-JAN,2,20260228,014457,20260202,        ,000038557
HYDR01,3,4202-JAN,1,20260131,,20260121,20260221,000038557
HYDR01,3,4202FEB,1,20260228,,20260220,20260320,000032494
HYDR01,3,4202FEB,2,20260228,014479,20260226,        ,000032494
HYDR01,3,4243-JAN,2,20260228,014461,20260205,        ,000005053
HYDR01,3,4243-JAN,1,20260131,,20260202,20260302,000005053
HYDR01,3,7852-JAN,2,20260228,014461,20260205,        ,000023943
HYDR01,3,7852-JAN,1,20260131,,20260202,20260302,000023943
HYDR01,3,9385-JAN,2,20260228,014461,20260205,        ,000042712
HYDR01,3,9385-JAN,1,20260131,,20260202,20260302,000042712
IAPA01,1,,,,,,,,INDUSTRIAL ACCIDENT PREV. ASSC,250 YONGE ST., SUITE 2800,,TORONTO, ONT.,M5B 2N4,01,00
IMAG01,1,,,,,,,,IMAGE DESIGNS,10720 YONGE ST. #212,,RICHMOND HILL, ONT.,L4C 3C9,01,00
IMPE01,1,,,,,,,,IMPENCO LTD.,240 GUIZOT ST. W.,,MONTREAL, QUE.,H2P 1L5,30,00
IMPE50,1,,,,,,,,UMICORE PRECIOUS METALS,451 DENISON STREET,,MARKHAM,ONT.,L3R 1B7,30,00
IMPE50,3,434005451,1,20260228,,20260211,20260311,000027708
IMPE50,3,434005451,2,20260228,014476,20260212,        ,000027708
IMPE55,1,,,,,,,,UMICORE PRECIOUS METALS,U.S ACCOUNT,451 DENISON STREET,MARKHAM, ON,L3R 1B7,01,00
INDE01,1,,,,,,,,INDEL CONTROL SERVICE INC,174 THAMES STREET SOUTH,,INGERSOLL, ONT.,N5C 2T5,30,00
INFO01,1,,,,,,,,INFO-TECH MAILROOM SYSTEMS,1106 DEARNESS DR, UNIT #5B,,LONDON, ONT.,N6E 1N9,30,00
INGE01,1,,,,,,,,INGERSOLL PAPER BOX CO LTD.,BOX 145, 327 KING ST W.,,INGERSOLL, ONT.,N5C 3K1,30,00
INS-01,1,,,,,,,,INS,75 Northland Rd.,,,WATERLOO,ON.,N2V 1Y8,30,00
INST01,1,,,,,,,,INSTACHANGE DISPLAYS LIMITED,230 EDWARD STREET,,AURORA, ONTARIO,L4G 3S8,30,00
INST02,1,,,,,,,,INS,INFORMATION NETWORK SYSTEM,75 NORTHLAND RD.,WATERLOO,ON.,N2V 1Y8,30,00
INSU01,1,,,,,,,,INSURANCE CENTRAL LIMITED,815 JAMES STREET,,DELHI, ONT.,N4B 2C9,01,00
IQOR01,1,,,,,,,,IQOR CANADA LTD.,ST. JOHN'S,130-255 CONSUMERS ROAD,TORONTO, ONT.,M2J 1R4,01,00
ISP01,1,,,,,,,,INT. SATELLITE PROGRAMMING,P.O. BOX 451,,AURORA, ONT.,L4G 3L5,01,00
ISWS01,1,,,,,,,,ISW SYSTEMS,P.O. BOX 145,,COURTLAND,ON.,N0J1E0,30,00
ITMI01,1,,,,,,,,I.T.M. INSTRUMENTS INC.,395 COCHRANE DRIVE,,MARKHAM, ONT.,L3R 9R5,30,00
J&SS01,1,,,,,,,,J & S COLLISION,R. R. #3,56843 GREENLINE ROAD,TILLSONBURG, ONT.,N4G 4G8,30,00
J/EB01,1,,,,,,,,J/E BEARING & MACHINE LTD,68 SPRUCE ST, BOX 95,,TILLSONBURG, ONT.,N4G 4H8,01,00
JACK01,1,,,,,,,,JACKSON'S WELDING SHOP,R. R. #3,,TILLSONBURG, ONT.,N4G 4G8,30,00
JACK04,1,,,,,,,,JACKLYN INDUSTRIES INC.,119 WILKINSON ROAD,,BRAMPTON, ONT.,L6T 4X1,30,00
JACO01,1,,,,,,,,JACO IMPORT CORP,38 WEST 48 STREET,ROOM 602,NEW YORK, N.Y.,10036 USA,30,00
JCK-01,1,,,,,,,,JCK,PO BOX 5663,,HARLAN,IA,51593-5163,30,00
JESS01,1,,,,,,,,JESS DISPLAY & MANUFACTURING,1035 TOY AVENUE, UNIT #8,,PICKERING, ONT.,L1W 3N9,30,50
JEVC01,1,,,,,,,,JEVCO INSURANCE COMPANY,7120 HURONTARIO, SUITE 700,,MISSISSAUGA, ONT.,L5W 0B1,01,00
JEWE01,1,,,,,,,,JEWELLERY WORLD LTD.,CANADA TRUST TOWER,STE 1203,20 EGLINTON AVE W, BOX 2021,TORONTO, ONT.,M4R 1K8,30,00
JIMD01,1,,,,,,,,JIM DICKENSON,P.O. BOX 10,,COURTLAND,ON.,N0J 1E0,30,00
JIMD01,3,022626JIM,1,20260228,,20260226,20260326,001000000
JIMD01,3,022626JIM,2,20260228,014486,20260226,        ,001000000
JNDA01,1,,,,,,,,JND ASSOCIATES,74 VICTORIA ST, SUITE 915,,TORONTO, ONT.,M5C 2A5,30,00
JOHN01,1,,,,,,,,JOHN DEERE LTD.,P.O. BOX 274,,COURTLAND,ON.,N0J 1E0,30,00
JOSE01,1,,,,,,,,JOSEF-RYAN DIAMONDS,660-330 ST MARY AVENUE,,WINNIPEG, MAN.,R3C 3Z5,30,00
JOSE03,1,,,,,,,,JOSEPH BLANK INC.,62 WEST 47TH STREET,SUITE 808,NEW YORK, N.Y.   USA,10036,30,00
JOSE04,1,,,,,,,,JOSEPH FALKENSTEIN INC.,21 COGGINS LANE,,WEST ORANGE, N.J.,07052,01,00
JOST01,1,,,,,,,,HERMANN JOST & CO,125 MARTIN ROSS AVE, UNIT #1,,DOWNSVIEW, ONT.,M3J 2L9,01,00
JVC-01,1,,,,,,,,JEWELLERS VIGILANCE CANADA INC,27 QUEEN STREET EAST,SUITE 600,,TORONTO,ON.,M5C 2M6,01,00
KASS01,1,,,,,,,,KASSOY,16 MIDLAND AVE.,,HICKSVILLE, N.Y.,USA 11801,01,00
KCLP01,1,,,,,,,,KCL PROMOTIONAL PKG PROD. LTD.,1110 BREVIK PLACE,,MISSISSAUGA, ONT.,L4W 3Y5,30,10
KEYE01,1,,,,,,,,KEYES-NORTHCOTT INDUSTRIES,400 MOROBEL DRIVE, UNIT #5,,MILTON, ONT.,L9T 4N6,30,00
KILM01,1,,,,,,,,KILMARTIN INDUSTRIES, INC,79 WALTON ST, BOX 2350,,ATTLEBORO, MA  U.S.A,02703-0350,30,00
KIMH01,1,,,,,,,,KIM HUSTED SURVEYING LTD.,30 HARVEY STREET,,TILLSONBURG,ON.,N4G 3J8,30,00
KOWA01,1,,,,,,,,KOWALITY POLE & FLAG CO.,108 HILLSIDE AVENUE,,DELHI, ONT.,N4G 1Y7,01,00
KRAM01,1,,,,,,,,KRAMER TOOL & DIE LTD.,148 JOHN STREET, BOX 172,,OTTERVILLE, ONT.,N0J 1R0,30,00
KUEP01,1,,,,,,,,ROY KUEPPERS,25 FYFE AVE.,,WOODSTOCK, ONT.,N4S 3S5,01,00
KUNZ01,1,,,,,,,,KUNZMANN CHAIN DIVISION,HILLSGROVE IND. PARK, BOX 7170,,WARWICK, R.I.  U.S.A,02887,30,00
LAWR01,1,,,,,,,,LAWRASON'S CHEMICALS LTD.,BOX 2425,,LONDON, ONT.,N6A 4G3,30,00
LAWS01,1,,,,,,,,LAWSON DISPLAYS LTD,185 GIBSON DRIVE,,MARKHAM, ONT.,L3R 3K7,30,00
LEAC01,1,,,,,,,,LEACH & GARNER CANADA LTD.,1405 MORNINGSIDE AVE.,,SCARBOROUGH, ONT.,M1B 3J1,30,00
LEAC02,1,,,,,,,,LEACH GARNER,PO BOX 358,49 PEARL STREET,ATTLEBORO,MA,02703,30,00
LEES01,1,,,,,,,,LEES HAMILTON LTD.,221 MARY ST.,,HAMILTON, ONT.,L8L 4W2,30,00
LEWY01,1,,,,,,,,MR. GERRY LEWY,139 SIMONSTON BLVD.,,THORNHILL, ONT.,L3T 4M1,01,00
LIVI01,1,,,,,,,,LIVINGSTON INTERNATIONAL INC,P.O. BOX 5640, TERMINAL A,,TORONTO, ONT.,M5W 1P1,01,00
LOGO01,1,,,,,,,,THE LOGO WORKS,342 NEPTUNE CRESCENT,,LONDON, ON.,N6M 1A1,30,00
LOND01,1,,,,,,,,LONDON PHOTOCOPY LTD,151 PINE VALLEY ROAD,,LONDON, ONT.,N6K 3T6,30,00
LONG01,1,,,,,,,,LONG POINT WATER COMPANY,1125 COLBORNE ST. E.,,BRANTFORD, ONT.,N3T 5M1,30,00
LOUE01,1,,,,,,,,LOUELLE IMPORTS INC.,455 COLDSTREAM AVE,,TORONTO, ONT.,M5N 1Y6,30,20
LOUN40,1,,,,,,,,G. C. LOUNSBURY INC.,164582 KELLETT RD., BOX 452,,TILLSONBURG, ONT.,N4G 4H8,30,00
LUCA01,1,,,,,,,,LUCAS MILHAUPT WARWICK, LLC,4968 SOLUTION CENTER,,CHICAGO,IL,60677-4009,30,00
M&BM01,1,,,,,,,,M & B MAGNESIUM PRODUCTS INC.,201 TORYORK DRIVE,,TORONTO,ON.,M9L 1X9,30,00
M&JT01,1,,,,,,,,M & J TIRE INC.,327 SIMCOE ST.,,TILLSONBURG, ONT.,N4G 2J7,30,00
MACG01,1,,,,,,,,BOB MacGREGOR,9 SCARBELL DRIVE,,WESTHILL, ONT.,M1C 2Z5,01,00
MACL01,1,,,,,,,,MACLEAN HUNTER LTD.,MACLEAN HUNTER BLDG.,777 BAY STREET,TORONTO, ONT.,M5W 1A7,01,00
MADD01,1,,,,,,,,MR. KENNETH WM MADDEN,40 HAMBLY ROAD,,NAPANEE, ON.,K7R 3K8,30,00
MADD01,3,833116,2,20260228,014475,20260212,        ,000011700
MADD01,3,833116,1,20260131,,20260123,20260223,000011700
MAGN01,1,,,,,,,,MAGNUS CHEMICALS LTD.,964 WESTPORT CRESC, UNIT 06,,MISSISSAUGA, ONT.,L5T 1G1,30,00
MAJO01,1,,,,,,,,MAJOR MEDICAL SUPPLIES LTD.,379 GALE AVE.,,KITCHENER, ONT.,N2M 5E1,30,00
MANU01,1,,,,,,,,MANUFACTURERS LIFE INS CO,CP 11635 SUCC CENTRE-VILLE,,MONTREAL, QC,H3C 5Z1,01,00
MARG01,1,,,,,,,,MARGOLA IMPORT CORP.,48 WEST 37TH ST.,,NEW YORK, N.Y.  USA,10018,30,00
MARI01,1,,,,,,,,MARISSA/BARROWS,102 S WASHINGTON ST, BOX 751,,NORTH ATTLEBORO, MAS,02761,01,00
MART01,1,,,,,,,,GEORGE MARTIN,STE.313,23 - 845 DAKOTA ST.,WINNIPEG,MB,R2M 5M3,30,00
MAZZ01,1,,,,,,,,MAZZA HEATING&AIR CONDITIONING,525 HWY#3,,COURTLAND, ON,N0J1E0,30,00
MCDO01,1,,,,,,,,McDOUGALL ENERGY INC.,45 SPRUCE STREET,,TILLSONBURG,ON,N4G 5C4,30,00
MDLD01,1,,,,,,,,MDL DIAMOND MERCHANTS,55 QUEEN ST. E.,SUITE 601,TORONTO, ONT.,M5C 1R6,30,00
MDLD01,3,60506,2,20260228,014469,20260205,        ,000298427
MDLD01,3,60506,1,20260131,,20260129,20260228,000298427
MDLD01,3,60583,1,20260228,,20260215,20260315,000097400
MDLD01,3,60583,2,20260228,014485,20260226,        ,000097400
MERC01,1,,,,,,,,MERCEDES CERAMIC SUPPLIES,8060 KIPLING AVE.,,WOODBRIDGE, ONT.,L4L 2A1,30,00
MERC03,1,,,,,,,,MERCHANTS OCEANIC ENTERPRISES,19 WEST 44TH STREET,SUITE 1700,NEW YORK, N.Y. 10036,U S A,30,00
MESS01,1,,,,,,,,MESSER CANADA INC.,15687,P O BOX 15687,STATION A,TORONTO,ON,M5W 1C1,30,00
MESS01,3,109824444,2,20260228,014467,20260205,        ,000028052
MESS01,3,109824444,1,20260131,,20260129,20260228,000028052
METR01,1,,,,,,,,METRO PAPER BOX LIMITED,4497 KENT AVENUE,,NIAGARA FALLS, ONT.,L2H 1J1,30,00
MHDE01,1,,,,,,,,M H DESIGN,2772 VICTORIA PARK AVE STE 206,,WILLOWDALE, ONT.,M2J 4A8,01,00
MIAD01,1,,,,,,,,MIAD SYSTEMS INC.,43 RIVIERA DRIVE, UNIT 7,,MARKHAM, ONT.,L3R 5J6,30,00
MICH03,1,,,,,,,,MICHEL WATIER,393 DUNDAS STREET,,WOODSTOCK, ONT.,N4S 1C9,01,00
MILL01,1,,,,,,,,MILLARD, ROUSE, ROSEBRUGH,85 ROBINSON STREET,,SIMCOE, ONT.,N3Y 1W7,01,00
MINT01,1,,,,,,,,CHAD MINTER,489 BAY ST.,,ORILLIA, ON.,L3V 3X8,30,00
MINT01,3,45-JAN,2,20260228,014465,20260205,        ,000010628
MINT01,3,45-JAN,1,20260131,,20260204,20260304,000010628
MITT01,1,,,,,,,,THE MITT & ROBE COMPANY,751 NORFOLK STREET NORTH,,SIMCOE, ONTARIO,N3Y 3R6,30,20
MONR01,1,,,,,,,,MONROE,450 DIXIE ROAD, UNIT 8A,,MISSISSAUGA, ONT.,L4W 1W4,01,00
MORP01,1,,,,,,,,MORPHY CONTAINERS LTD.,1001 GREEN VALLEY RD,,LONDON, ONT.,N6N 1E4,30,00
MULL01,1,,,,,,,,ROLF H MULLER GMBH,TIEFENSTEINER STRASSE 288,6580 IDAR-OBERSTEIN 3,WEST GERMANY 0 67 81,31234-5,01,20
MYRO01,1,,,,,,,,MYRON SMARTER BUSINESS GIFTS,5610 FINCH AVE. EAST,,TORONTO, ONT.,M1B 6A6,30,00
NATI01,1,,,,,,,,NATIONAL CHAIN GROUP,55 ACCESS RD.,,WARWICK, R.I. 02886,USA,01,00
NATU01,1,,,,,,,,NATURES CHOICE,LAWN CARE & IRRIGATION,P.O. BOX 122,TILLSONBURG, ON.,N4G 4H3,30,00
NEBS01,1,,,,,,,,NEBS BUSINESS PRODUCTS LIMITED,P O BOX 57422, STN A,,TORONTO,ON.,M5W 5M5,30,00
NEOP01,1,,,,,,,,NEOPOST  DPOC,QUADIENT CANADA LTD,150 STEELCASE RD. W.,MARKHAM, ON.,L3R 3J9,30,00
NEVI01,1,,,,,,,,NEVILLE'S,25 QUEEN STREET,,LANGTON,ONT.,N0E 1G0,30,00
NIRU01,1,,,,,,,,NIRU (NY) LTD.,535 FIFTH AVENUE,FL.27 10017,NEW YORK, NY,,30,00
NOBL01,1,,,,,,,,NOBLE GIFT PACKAGING INC.,5623 CASGRAIN,,MONTREAL, QUE.,H2T 1Y1,30,00
NORF02,1,,,,,,,,NORFOLK COUNTY,ROBINSON ADMIN BLDG SUITE 100,185 ROBINSON ST,SIMCOE, ON,N3Y 5L6,30,00
NORF03,1,,,,,,,,NORFOLK DISPOSAL SERVICES,811 OLD HWY 24,,R.R.#3,WATERFORD,ON.,N0E 1Y0,30,00
NORF04,1,,,,,,,,NORFOLK SANITATION SUPPLY LTD.,240 KING GEORGE RD.,,BRANTFORD, ONT.,N3R 5L4,01,00
NORF06,1,,,,,,,,NORFOLK POOLS & SPAS,71 QUEENSWAY EAST,,SIMCOE, ONT.,N3Y 4M5,01,00
NORF08,1,,,,,,,,NORFOLK WATER & WASTEWATER,P.O. BOX 588,70 VICTORIA ST.,SIMCOE, ONT.,N3Y 4N6,30,00
NORF09,1,,,,,,,,NORFOLK COUNTY,185 ROBINSON STREET,SUITE 100,SIMCOE,ON.,N3Y 5L6,30,00
NORT01,1,,,,,,,,J NORTHCOTT INDUSTRIES LIMITED,BOX 307,,MILTON, ONT.,L9T 4Y9,30,00
OAKI01,1,,,,,,,,OAKITE PROD. OF CANADA LTD,115 EAST DRIVE,,BRAMALEA, ONT.,L6T 1B7,30,00
OBER01,1,,,,,,,,OBERMAN GEM COMPANY, INC.,2 WEST 45TH STREET,SUITE 506,NEW YORK, NEW YORK,10036,90,00
ODOR01,1,,,,,,,,DENNIS ODORJAN,37 HARVEY STREET,P.O. BOX 397,TILLSONBURG,ON.,N4G 4H8,30,00
ODYS01,1,,,,,,,,ODYSSEY PARK LTD.,R. R. #1,,COURTLAND, ONT.,N0J 1E0,01,00
OLYM01,1,,,,,,,,OLYMPIAD JLRY TOOL & DIE CO,2800 SKYMARK AVE, UNIT 8,,MISSISSAUGA, ONT.,L4W 5A6,01,20
ONTA01,1,,,,,,,,HYDRO ONE,BOX 4102, STN A,,TORONTO, ONT.,M5W 3L3,01,00
ONTI01,1,,,,,,,,2256544 ONT. INC,,,,,00,00
OPEN01,1,,,,,,,,OpenBlue Networks Inc.,55 QUEEN STREET EAST,,SUITE 1306,TORONTO, ON,M5C 1R6,30,00
ORLI01,1,,,,,,,,ORLICK INDUSTRIES,BOX 5190, 35 GLEN ROAD,,HAMILTON, ONT.,L8S 4L3,30,00
OVAD01,1,,,,,,,,OVIDA CORPORATION,101 E. MAIN STREET,,LITTLE FALLS, NJ,07424,00,00
OVER01,1,,,,,,,,TNT OVERLAND EXPRESS,BOX 3030, STN A,,MISSISSAUGA, ONT.,N4S 7Y8,01,00
PATE01,1,,,,,,,,DR E A PATENAUDE,45 BROCK STREET WEST,,TILLSONBURG, ONT.,N4G 2A4,01,00
PBBL01,1,,,,,,,,PBB GLOBAL LOGISTICS INC.,PUROLATOR TRADE SOLUTIONS,P.O. BOX 40,FORT ERIE, ONT.,L2A 5M7,01,00
PBS-01,1,,,,,,,,PBS BUSINESS SYSTEMS,4299 LINE 39, R.R. 1,,SEBRINGVILLE,ON,N0K 1X0,30,00
PEEL01,1,,,,,,,,NORMAN PEEL, Q. C.,1579 HYDE PARK ROAD,,LONDON, ONT.,N6H 5L4,01,00
PEEL03,1,,,,,,,,PEEL INVESTIGATIVE CONSULTANTS,466 RIDOUT ST. N.,,LONDON, ONT.,N6A 2P7,01,00
PERF01,1,,,,,,,,P.B.S.,BOX 21125,,STRATFORD, ONT.,N5A 7V4,30,20
PERF03,1,,,,,,,,PERFECT PEN & STATIONERY,1 CRECENT ROAD,,HUNTSVILLE, ONT.,P0A 1K0,01,00
PETE05,1,,,,,,,,PETER COOK ENGRAVING,11 BERKSHIRE COURT,,LONDON,ONT.,N6J 3N8,30,00
PETR01,1,,,,,,,,PETRO CANADA,P.O. BOX 8500,,DON MILLS, ONT.,M3C 3B2,01,00
PIER01,1,,,,,,,,RUDY PIERCE,91 MOFFATT LANE,,STRATHROY, ONT.,N7G 3Z8,30,00
PIER01,3,41-JAN,2,20260228,014464,20260205,        ,000043168
PIER01,3,41-JAN,1,20260131,,20260204,20260304,000043168
PLUM01,1,,,,,,,,B.R.'S PLUMBING AND HEATING,1 VANCE DRIVE,,TILLSONBURG, ON,N4G 4M4,30,00
PMGI01,1,,,,,,,,PM GEMS INC,260 CARLTON ST.,,TORONTO, ONT.,M5A 2L3,30,00
PNGG01,1,,,,,,,,SUPREMEX INC. (PNG ENVELOPES),400 HUMBERLINE DRIVE,,ETOBICOKE, ONT.,M9W 5T3,30,00
PORT01,1,,,,,,,,PORT ROWAN SHEET METAL PLBG &,HEATING,1039 MAIN STREET,PORT ROWAN, ONT.,N0E 1M0,01,00
PORT05,1,,,,,,,,PORT ROWAN GOOD NEWS,P.O.BOX 40,8 CHURCH STREET,PORT ROWAN,ON.,N0E1M0,30,00
POSA01,1,,,,,,,,POSALUX SA,RUE OPPLIGER 18, CASE POSTALE,104; CH-2504 BIENNE/SUISSE,,,01,00
POST01,1,,,,,,,,POSTMEDIA NETWORK INC.,P.O. BOX 7400,,LONDON,ON.,N5Y 4X3,30,00
PREC01,1,,,,,,,,PRECIOUS GOLD FINDINGS LTD.,3020 BATHURST ST., STE. 200,,NORTH YORK, ONT.,M6B 3B6,01,00
PREM01,1,,,,,,,,PREMIER EQUIPMENT LTD.,PO BOX 274,,COURTLAND,ON.,N0J 1E0,30,00
PRES01,1,,,,,,,,PRESTIGE & FANCY,240 GUIZOT O,,MONTREAL, QC,H2P 1L5,30,00
PRIN01,1,,,,,,,,PRINCE DIAMONDS,221 VICTORIA ST., SUITE 201,,TORONTO, ONT.,M5B 1V4,30,00
PROC01,1,,,,,,,,PROCTOR MARINE LTD,487 QUEENSWAY WEST (HWY #3),,SIMCOE, ONT.,N3Y 4R5,01,00
PROG01,1,,,,,,,,PRO GRAPHICS,22 CARRIE CR.,,ST.THOMAS,ON.,N5R 6B9,30,00
PROM01,1,,,,,,,,PROMOW  LAWN SERVICES,RR. #3,,TILLSONBURG, ONT.,N4G 4G7,30,00
PROP01,1,,,,,,,,PRO PRINTERS,555 WELLINGTON ROAD,,LONDON, ONT.,N6C 4R3,01,00
PROS01,1,,,,,,,,PRO SHOW SERVICES LTD.,HEAD OFFICE,4703 - 91 AVENUE,EDMONTON, ALTA.,T6B 2M7,01,00
PROU01,1,,,,,,,,PROUSE ELECTRIC LTD.,75 SPRUCE STREET,,TILLSONBURG, ON.,N4G 5C4,30,00
PROV01,1,,,,,,,,PROVINCIAL ENVIRONMENTAL SERV.,P.O. BOX 843, LCD 1,(505 KENORA AVE., BLD 4,HAMILTON, ONT.,L8N 3N9,30,00
PROV03,1,,,,,,,,PROVIDENCE CHAIN CO.,225 CAROLINA AVE.,,PROVIDENCE, R.I. USA,02905-4538,30,00
PURO01,1,,,,,,,,PUROLATOR INC.,PO BOX 4800 STN MAIN,,CONCORD,ON.,L4K 0K1,30,00
PURO01,3,530222981,1,20260228,,20260221,20260321,000011427
PURO01,3,530222981,2,20260228,014484,20260226,        ,000011427
PURO01,3,555243785,2,20260228,014466,20260205,        ,000007717
PURO01,3,555243785,1,20260131,,20260124,20260224,000007717
PURO01,3,555254139,1,20260228,,20260207,20260307,000008132
PURO01,3,555254139,2,20260228,014484,20260226,        ,000008132
PURO01,3,580242682,2,20260228,014466,20260205,        ,000004012
PURO01,3,580242682,1,20260131,,20260131,20260228,000004012
PURO03,1,,,,,,,,PUROLATOR TRADE SOLUTIONS,P.O. BOX 40,,FORT ERIE, ONT.,L2A 5M7,01,00
QBOL01,1,,,,,,,,JACK TEARLE,395758 CONC 2 EGR,R. R. #1,WILLIAMSFORD, ONT.,N0H 2V0,30,00
QBOL01,3,1986,2,20260228,014470,20260209,        ,000113000
QBOL01,3,1986,1,20260131,,20260209,20260309,000113000
QUAD01,1,,,,,,,,QUADIENT CANADA LTD  DPOC,150 STEELCASE RD. W,,MARKHAM,ON.,L3R 3J9,30,00
QUEE01,1,,,,,,,,QUEENSWAY TIRE SERVICE LIMITED,49 QUEENSWAY WEST,,SIMCOE, ONT.,N3Y 2M7,01,00
QUIL01,1,,,,,,,,QUILL CORP. CANADA LTD.,2150 DREW ROAD,,MISSISSAUGA, ONT.,L5S 1B1,30,00
R&MS01,1,,,,,,,,R&M SPRAYING,39 DON JON BLVD.,,PORT DOVER, ONTARIO,N0A 1N7,01,00
R&RL01,1,,,,,,,,R & R LAWN CARE,BOX 316,,COURTLAND, ONT.,N0J 1E0,01,00
RADI01,1,,,,,,,,RADIATOR EXPRESS-NORTHEND AUTO,353 TILLSON AVE.,,TILLSONBURG, ONT.,N4G 3C2,30,00
RCMP01,1,,,,,,,,THE MOUNTED POLICE FOUNDATION,2460 LANCASTER ROAD, SUITE 203,,OTTAWA, ON.,K1B 4S5,30,00
RECE01,1,,,,,,,,RECEIVER GENERAL FOR CANADA,SUMMERSIDE TAX CENTRE,275 POPE ROAD, SUITE 102,SUMMERSIDE, P.E.I.,C1N 5Z7,01,00
REGI01,1,,,,,,,,REGIONAL MUNIC. OF HALD-NFK,70 TOWN CENTRE DR,,TOWNSEND, ONT.,N0A 1S0,01,00
REID01,1,,,,,,,,REID'S PRE-CAST PRODUCTS LTD.,R. R. #4,,LANGTON, ONT.,NOE 1G0,01,00
RELI01,1,,,,,,,,RELIANCE HOME COMFORT,PMT PROCESSING CENTRE,BOX 99 STN COMMERCE CRT,TORONTO, ONT.,M5L 1L6,30,00
RELI01,3,0759-JAN,2,20260228,014474,20260212,        ,000002319
RELI01,3,0759-JAN,1,20260131,,20260210,20260310,000002319
RELI01,3,4931-JAN,2,20260228,014474,20260212,        ,000002988
RELI01,3,4931-JAN,1,20260131,,20260210,20260310,000002988
RELI01,3,9148-JAN,2,20260228,014474,20260212,        ,000001997
RELI01,3,9148-JAN,1,20260131,,20260210,20260310,000001997
RENT01,1,,,,,,,,RENTEX DISPLAYS INC.,3155 PEPPER MILL COURT, UNIT 2,,MISSISSAUGA, ONT.,L5L 4X7,00,00
REYB01,1,,,,,,,,REYBEC COMPUTER SERVICES INC.,33 PARK AVENUE,,DELHI, ONT.,N4B 1R4,01,00
RICO01,1,,,,,,,,RICOH CANADA INC.,1550 ENTERPRISE ROAD,SUITE 310,MISSISSAUGA, ONT.,L4W 4P4,30,00
RIDD01,1,,,,,,,,ALLAN RIDDELL,BOX 3,,BROWNSVILLE, ONT.,N0L 1C0,01,00
RITC01,1,,,,,,,,RITCHEY SUPPLY LIMITED,1036 MATHESON BOULEVARD,,MISSISSAUGA, ONT.,L4W 2T9,30,00
RMCN01,1,,,,,,,,RMC NORFOLK CORPORATION,6-295 QUEEN ST EAST,SUITE 407,BRAMPTON  ON,L6W 4S6,30,00
ROCK01,1,,,,,,,,ROCKPORT PERFORMANCE,39 NORTH STREET EAST,,UNIT E,TILLSONBURG, ONTARIO,N4G 1B4,30,00
ROGE01,1,,,,,,,,ROGERS,P.O. BOX 9100,,DON MILLS, ONT.,M3C 3P9,01,00
RONS01,1,,,,,,,,RONSON'S AUDIO/VIDEO,98 BROADWAY,,TILLSONBURG, ONT.,N4G 3P6,30,00
ROTH01,1,,,,,,,,ROTH DIAMOND TOOLS LTD,R. R. #5, FRENCH DRIVE,,ORANGEVILLE, ONT.,L9W 2Z2,30,00
ROYA01,1,,,,,,,,ROYAL GLASS & MIRROR,370 B SIMCOE ST.,,TILLSONBURG, ONT.,N4G 2J9,30,00
ROYA03,1,,,,,,,,ROYAL CHAIN CANADA INC.,451 MILLWAY AVE., UNIT 4,,CONCORD, ONT.,L4K 3V6,30,00
RUDY01,1,,,,,,,,WESTBURNE RUDDY ONTARIO,DIV OF WESTBURNE IND ENT LTD.,P.O. BOX 1220, STN B,MISSISSAUGA, ONT.,L4Y 3W5,01,20
RWAM01,1,,,,,,,,RWAM INSURANCE,49 INDUSTRIAL DRIVE,,ELMIRA,ON.,N3B 3B1,30,00
RWAM01,3,FEB-2026,1,20260228,,20260201,20260301,000193333
RWAM01,3,FEB-2026,2,20260228,014460,20260202,        ,000193333
S&SE01,1,,,,,,,,S & S EQUIP. & ELECTRIC,771 JAMES,,DELHI, ONT.,N4B 2C9,30,00
S&SF01,1,,,,,,,,S & S FIRE & HOSE CO.,370-C SIMCOE ST.,,TILLSONBURG, ONT.,N4G 2J9,01,00
SAMU01,1,,,,,,,,SAMUEL ROLL FORM GROUP,,,,,00,00
SAND01,1,,,,,,,,SANDOR KEREKES,22 GLOUCESTER GROVE,,TORONTO, ONT.,M6C 1Z9,30,00
SAND03,1,,,,,,,,SANDBOX CREATIVE INC.,5 CATHERINE STREET,,PARIS, ONT.,N3L 1B1,30,00
SAND05,1,,,,,,,,SANDBOY MARINA LTD.,R.R. # 3,,PORT ROWAN, ON.,N0E 1M0,01,00
SAUN01,1,,,,,,,,ROBERT SAUNDERS,R.R. # 3,25 WOODSTOCK AVE.,PORT ROWAN, ONT.,NOE 1M0,30,00
SAVI01,1,,,,,,,,SAVIN CANADA INC.,6650 PACIFIC CIRCLE,,MISSISSAUGA, ONT.,L5T 1V6,30,00
SCHI01,1,,,,,,,,SCHINDLER TECHNOLOGIES,100 GOLDEN TULIP CRESCENT,,MARKHAM,ON.,L6C 1W4,30,00
SCHO01,1,,,,,,,,PREMIER EQUIPMENT LTD.,JOHN DEERE FINANCIAL,P.O. BOX 4305, STN A,TORONTO, ONT.,M5W 3B1,30,00
SCHU01,1,,,,,,,,MAX SCHUSTER OF CANADA LTD,3701 CHESSWOOD DRIVE,SUITE 305,TORONTO, ONT.,M3J 2P6,30,00
SCHU03,1,,,,,,,,SCHUSTER EXCAVATING,FRANK SCHUSTER JR.,R. R. #2,COURTLAND, ONT.,N0J 1E0,01,00
SEAL01,1,,,,,,,,SEALCRAFT INC.,6525 NORTHAM DR,,MISSISSAUGA, ONT.,L4V 1J2,30,00
SELE01,1,,,,,,,,SELECT BRUSHES INC.,356 WATLINE AVE.,,MISSISSAUGA, ONT.,L4Z 1X2,30,00
SERV01,1,,,,,,,,SERVICE INDUSTRIES CHEMICALS,1857 FARMVIEW ROAD,,MAPLE GLEN, PA.,USA 19002,01,00
SERV04,1,,,,,,,,SERVICE FILTRATION OF CAN LTD,2172 WYECROFT RD UNIT#1,,OAKVILLE,ON L6L 6R1,30,00
SERV06,1,,,,,,,,SERVICE MASTER,25 SPRUCE ST., UNIT  1,,TILLSONBURG, ONT.,N4G 4W6,30,00
SETO01,1,,,,,,,,SETON,WHB IDENTIFICATION SOLUTION,56 LEEK CRESCENT,RICHMOND HILL, ONT.,L4B 1H1,30,00
SHEW01,1,,,,,,,,DAVID SHEWFELT,47 BANFIELD ST,,PARIS, ONT.,N3L 2Y7,01,00
SIMC01,1,,,,,,,,SIMCOE HONDA '92,443 QUEENSWAY WEST,,SIMCOE, ONT.,N3Y 2N4,01,00
SIMP40,1,,,,,,,,SIMPLEX INT'L TIME EQUIP CO LD,P.O. BOX 719, STATION K,,TORONTO, ONT.,M4P 3G6,60,00
SIMP50,1,,,,,,,,SIMPLEXGRINNELL,P.O. BOX 4484 STN A,,TORONTO, ON,M5W 5Z2,30,00
SIND01,1,,,,,,,,SINDEN'S LTD,193 BROADWAY,,TILLSONBURG, ONT.,N4G 3P9,01,00
SINN01,1,,,,,,,,SINNAEVE EQUIPMENT CENTRE,59 QUEEN STREET,,LANGTON, ONT.,N0E 1G0,01,00
SIRI01,1,,,,,,,,SIRIUS,2983 WEST 41ST STREET,,VANCOUVER, B.C.,V6N 3C8,30,50
SIRS01,1,,,,,,,,SIR SPEEDY,583 BARTON ST.,UNIT #1,STONEY CREEK, ON.,L8E 5S2,30,00
SISK01,1,,,,,,,,SISKIND, CROMARTY, IVEY & DOWL,P.O. BOX 2520,,LONDON, ONT,N6A 3G9,30,00
SOFA01,1,,,,,,,,SOFALVI DOOR SYSTEMS,41 CEDAR STREET,,TILLSONBURG, ONT.,N4G 2Y2,01,00
SOLO01,1,,,,,,,,SOLO MOBILE,P.O. BOX 5102,,BURLINGTON, ONT.,L7R 4R7,01,00
SOUT01,1,,,,,,,,SOUTHWEST MAINTENANCE,138 CONCESSION STREET EAST,,TILLSONBURG, ONT.,N4G 1P7,01,00
SOUT03,1,,,,,,,,SOUTHWESTERN POOL & SPA,595 BROADWAY,,TILLSONBURG, ONT.,N4G 5K9,01,00
SOUT04,1,,,,,,,,S-W ONT. WELDING SUPPLIES LTD,20 TOWERLINE PLACE,,LONDON, ONT.,N6E 2T1,30,00
SOUT05,1,,,,,,,,SOUTHERN ONTARIO PRINTING,137 SIMCOE STREET,,TILLSONBURG, ONT.,N4G 2J3,30,00
SPAR01,1,,,,,,,,SPARKY'S ELECTRIC,45 PARKWOOD DRIVE,,TILLSONBURG, ONT.,N4G 2B7,01,00
SPEC01,1,,,,,,,,SPECTRIM LABEL & EQUIP. INC.,3345 NORTH SERVICE ROAD,UNIT 103,BURLINGTON, ONT.,L7N 3G2,01,20
SPRA01,1,,,,,,,,DONALD SPRATLING,60 FAIRFIELD ROAD,,TORONTO, ONT.,M4P 1S9,01,00
STAN01,1,,,,,,,,STANLEY BOSTITCH,19 RANGEMORE ROAD,,TORONTO, ONT.,M8Z 5H9,30,00
STAN03,1,,,,,,,,THE STANDARD,DIV OF 1230985 ONTARIO LTD.,1 KING ST. W.,FOREST, ONT.,N0N 1J0,01,00
STAP01,1,,,,,,,,STAPLES BUSINESS DEPOT,c/o DESJARDINS CARD SERVICES,PO BOX 8601 STN.CENTRE-VILLE,MONTREAL, QC,H3C 3V2,30,00
STAP02,1,,,,,,,,STAPLES BUSNIESS ADVANTAGE,c/o T04446C PO BOX 4446,STN A,TORONTO,ON.,M5W 4A2,30,00
STEP01,1,,,,,,,,GORD STEPHENS,FOR DEPOSIT ONLY TO,ACCT 610002317113 CREDIT UNION,KELOWNA, BC.,V1W 3X7,30,00
STER01,1,,,,,,,,STERLING MARKING PROD. INC,BOX 5055,,349 RIDOUT ST. N.,LONDON, ONT.,N6A 5S4,01,10
STER40,1,,,,,,,,STERN-LEACH,5039 COLLECTIONS CENTER DRIVE,CHICAGO, ILLINOIS    U. S. A.,60693,,01,00
STEV01,1,,,,,,,,STEVE'S JEWELLERS LTD.,1721 HENDERSON HWY.,,WINNIPEG, MAN.,R2G 1P3,01,00
STOC01,1,,,,,,,,THE STOCK ROOM,BOX 6000,,DON MILLS, ONT.,M3C 3W1,30,00
STUD01,1,,,,,,,,STUDIO 72 ENTERPRISES LTD,181 REGINA ROAD,,WOODBRIDGE, ONT.,L4L 8M3,30,00
SUNL01,1,,,,,,,,SUN LIFE FINANCIAL,P.O. BOX 1622 STN WATERLOO,,WATERLOO, ON.,N2J 4M8,30,00
SUNM01,1,,,,,,,,SUN MEDIA CORPORATION,POSTMEDIA NETWORK INC.,P.O. BOX 7400,LONDON, ON.,N5Y 4X3,30,00
SUPE01,1,,,,,,,,SUPERIOR OFFICE PRODUCTS,875 MIDDLEFIELD ROAD,,SCARBOROUGH, ONT.,M1V 4Z5,30,00
SUPE40,1,,,,,,,,SUPERIOR PROPANE LTD,BOX 386, 601 BANK ST,,SIMCOE, ONT.,N3Y 4L2,01,00
SUPE50,1,,,,,,,,SUPERIOR WATER SERVICE,51511 RON MCNEIL LINE,,SPRINGFIELD,ON.,N0L 2J0,30,00
SUPR01,1,,,,,,,,SUPREMEX INC.,400 HUMBERLINE DRIVE,,ETOBICOKE, ONT.,M9W 5T3,30,00
SUTH01,1,,,,,,,,CALVIN SUTHERLAND,1964 GRANVILLE RD.,,PORT WADE,NS,B0S 1A0,30,00
SYST01,1,,,,,,,,SYSTEM 2000 MOBILE HOT WASH,BOX 411,,SIMCOE, ONT.,N3Y 4L2,01,00
TARG01,1,,,,,,,,TARGET BOX,343503 EBENEZER RD,MT.ELGIN, ON,,N0J1N0,30,00
TAYS03,1,,,,,,,,R C TAYS SALES AGENCY LTD.,276 SPINNAKER DR.,,HALIFAX,NS,B3N 3C6,30,00
TAYS03,3,24-JAN,2,20260228,014463,20260205,        ,000018183
TAYS03,3,24-JAN,1,20260131,,20260204,20260304,000018183
TBKC01,1,,,,,,,,TBK CREATIVE,665 FANSHAWE PARK RD. W.,UNIT 2 SUITE 11,LONDON,ON.,N6G 5B4,30,00
TEA,1,,,,,,,,,,,,,00,00
TEA01,1,,,,,,,,,,,,,00,00
TECH01,1,,,,,,,,TECHNIC CANADA,195 RIVIERA DRIVE,,MARKHAM, ONT.,L3R 5J6,30,00
TENA01,1,,,,,,,,TENAQUIP LTD.,BRANTFORD,22555 AUT TRANSANADIENNE,SENNEVILLE, QC,H9X 3L7,30,00
THAM01,1,,,,,,,,THAMES VALLEY EDUCATION FOUNDA,37 GLENDALE DRIVE,,TILLSONBURG,ON.,N4G 1J6,01,00
THIN01,1,,,,,,,,THINKSPACE,1421 SE 13TH AVE.,,PORTLAND,OR.,97214,30,00
THOM01,1,,,,,,,,THOMAS ABRASIVES PRODUCTS INC,1137 NORTH SERVICE ROAD E,,OAKVILLE, ONT.,L6H 1A7,30,00
THOM02,1,,,,,,,,911777 ONTARIO LIMITED,o/a T.A. THOMSON ELECTRICAL,954 PLOWMANS LINE,COURTLAND, ON,N0J 1E0,30,00
THOR01,1,,,,,,,,THORNTON'S LOCKWORKS,85 JAMES AVENUE,,TILLSONBURG, ONT.,N4G 1A7,30,00
THOU01,1,,,,,,,,INSURANCE CENTRAL LIMITED,815 JAMES STREET,,DELHI, ONT.,N4B 2C9,01,00
TILL01,1,,,,,,,,CROMPTON HOME HARDWARE,79 SIMCOE ST,,TILLSONBURG, ONT.,N4G 2H7,01,00
TILL02,1,,,,,,,,TILL-DOOR,10 ALLEN ST,,TILLSONBURG, ONT.,N4G 1G5,01,00
TILL03,1,,,,,,,,TILLONCA FLAGPOLES (1987) LTD.,R. R. #3,,NORWICH, ONT.,N0J 1P0,01,00
TILL04,1,,,,,,,,TILLSONBURG CAR CARE CLINIC,7 YOUNG STREET,,TILLLSONBURG, ONT.,N4G 3H6,01,00
TILL05,1,,,,,,,,TILLSONBURG CHEM-DRY,BOX 143,,TILLSONBURG, ONT.,N4G 4H3,01,00
TILL06,1,,,,,,,,TILLSONBURG GLASS & MIRROR LTD,213 TILLSON AVE. N.,,TILLSONBURG, ONT.,N4G 3B3,01,00
TILL07,1,,,,,,,,TILLSONBURG RENT-ALLS,136 CONCESSION ST. EAST,,TILLSONBURG, ONT.,N4G 1P7,30,00
TILL08,1,,,,,,,,TILLSONBURG FIRE & SAFETY EQUI,DENNIS EVANS,129 Simcoe St,TILLSONBURG, ON.,N4G 2J2,30,00
TILL12,1,,,,,,,,THE TILLSONBURG NEWS,DIV OF SUN MEDIA CORPORATION,25 TOWNLINE ROAD, BOX 190,TILLSONBURG, ONT.,N4G 4H6,30,00
TILL20,1,,,,,,,,TILLSONBURG PLUMBING CENTRE,DIV OF T D LOGAN PLUMBING,128 TILLSON AVE.,TILLSONBURG, ONT.,N4G 3A5,30,00
TILL44,1,,,,,,,,T'BURG INDUSTRIAL SALES LTD.,1058 PARKINSON ROAD,,WOODSTOCK, ONT.,N4S 7W3,01,00
TILL55,1,,,,,,,,TILLSONBURG READY-MIX CONCRETE,P.O. BOX 544,10 ELM STREET,TILLSONBURG, ONT.,N4G 4J1,30,00
TILL60,1,,,,,,,,TILLSONBURG TIRE INC,55 BROADWAY ST,,TILLSONBURG, ONT.,N4G 3P4,01,00
TITA01,1,,,,,,,,TITAN OFFICE EQUIP. INC.,297 BLAKIE ROAD,,LONDON, ONT.,N6L 1G8,30,00
TJSU01,1,,,,,,,,T J SUPPLY CO LTD.,34 BEVERLEY ST,,TORONTO, ONT.,M5T 1X7,01,00
TORA01,1,,,,,,,,TORASI INC.,4810 RUE JEAN TALON O,SUITE 315,MONTREAL,QC,H4P 2N5,30,00
TOUC01,1,,,,,,,,TOUCH-ADJUST-CLIP CO INC,1687 ROOSEVELT AVE.,,BOHEMIA, N.Y.  USA,11716,01,00
TOWE01,1,,,,,,,,TOWER GROUP INT'L CANADA INC,(UNITED CUSTOM BROKERS),420 NOTRE DAME OUEST, 3IEME,MONTREAL, QUE.,H2Y 2G6,01,00
TOWN01,1,,,,,,,,TOWNSHIP OF NORFOLK,P.O. BOX 128,,LANGTON, ONTARIO,N0E 1G0,00,00
TRAN01,1,,,,,,,,TRANSCONTINENTAL TOOL CO.,21 DUNDAS SQUARE, SUITE 605,,TORONTO, ONT.,M5B 1B7,30,00
TYCO50,1,,,,,,,,TYCO INTEGRATED FIRE& SECURITY,o/a Johnson Controls,2400 SKYMARK AVENUE,MISSISSAUGA, ON.,L4W 5K5,30,00
TYPE01,1,,,,,,,,TYPE-TECH (DIV 427773 ONT LTD),958 LEATHORNE STREET,,LONDON, ONT.,N5Z 3M5,30,00
ULIN01,1,,,,,,,,ULINE CANADA CORPORATION,BOX 3500,RPO STREETSVILLE,MISSISSAUGA,ON.,L5M 0S8,30,00
UMI01,1,,,,,,,,,,,,,00,00
UMIC01,1,,,,,,,,,,,,,00,00
UNIC01,1,,,,,,,,UNICA INSURANCE INC.,7150 DERRYCREST DRIVE,,MISSISSAUGA, ON,L5W OE5,01,00
UNIO01,1,,,,,,,,UNION GAS,P.O. BOX 4001 STN A,,TORONTO, ON.,M5W 0G2,30,00
UNIO03,1,,,,,,,,UNION ENERGY,PAYMENT PROCESSING CENTRE,BOX 358, STN COMMERCE COURT,TORONTO, ONT.,M5L 1L5,01,00
UNIO40,1,,,,,,,,THE UNION TRADING CO INC.,KITAGAWA BLDG, 8F,60 KYABASKI 3-CHOME,KIGASKI-KU OSAKA 540,JAPAN,01,00
UNIT30,1,,,,,,,,UNITED GEM MINES,55 QUEEN ST E, STE 1000,,TORONTO, ONT.,M5C 1R6,01,00
UNIT60,1,,,,,,,,UPS CANADA,P.O. BOX 4900,STATION A,,TORONTO,ON,M5W 0A7,30,00
UNIT70,1,,,,,,,,UNITED PRECIOIUS METAL REF.INC,2781 TOWNLINE ROAD,,ALDEN,N.Y.  USA,14004,01,00
UNIT80,1,,,,,,,,UNITED STATES BOX CORP.,1296 McCARTER HIGHWAY,,NEWARK, N.J.  USA,07104,01,00
UNIV70,1,,,,,,,,UNIVERSAL DISPLAYS,154 MILVAN DR.,,TORONTO,ON.,M9L 1Z9,30,00
UNIV90,1,,,,,,,,UNIVERSAL GRAVO-PLAST LTD.,60 CONTINENTAL PLACE,,SCARBOROUGH, ONT.,M1R 2T4,01,00
UNIV95,1,,,,,,,,UNIVERSAL PRINTING,160 WHITING STREET,,INGERSOLL, ONT.,N5C 3B3,01,00
UPS-01,1,,,,,,,,UPS CANADA,P.O. BOX 4900,STATION A,,TORONTO,ON.,M5W 0A7,30,00
URGE01,1,,,,,,,,URGELES DIAMOND TOOL CO INC,212 COLUMBUS AVENUE,,ROSELLE, N.J. USA,07203,30,00
VANR01,1,,,,,,,,VanRYBROECK ALUMINUM,16 JOHN ST, BOX 351,,TILLSONBURG, ONT.,N4G 4H8,01,00
VARR01,1,,,,,,,,VARRO'S FLOOR & WALL,142 SIMCOE ST.,,TILLLSONBURG, ONT.,N4G 2J1,01,00
VCBR01,1,,,,,,,,V C BROTHERS JEWELLERY,156 NORSEMAN ST,,ETOBICOKE, ONT.,M8Z 2R4,30,00
VENT01,1,,,,,,,,VENTURE REFRACTORIES,11 KENYON STREET,,BRANTFORD, ONT.,N3S 7R7,01,00
VIBR01,1,,,,,,,,VIBRA FINISH LIMITED,5329 MAINGATE DRIVE,,MISSISSAUGA, ONT.,L4W 1G6,01,00
VIRG01,1,,,,,,,,VIRGIN MOBILE CANADA,P.O.BOX 5030 STN MAIN,,BURLINGTON, ON,L7R 0B9,30,00
VORT01,1,,,,,,,,VORTEX VISUAL CONCEPTS,3 CRABTREE AVENUE,,LONDON, ONT.,N6G 2H6,30,00
VRWI01,1,,,,,,,,VWR INTERNATIONAL,2360 ARGENTIA ROAD,,MISSISSAUGA, ONT.,L5N 5Z7,30,00
WATE01,1,,,,,,,,WATER MINING,PO BOX 422,,TILLSONBURG,ON.,N4G 4H8,30,00
WEBE01,1,,,,,,,,WEBER SUPPLY COMPANY INC.,1830 Strasburg Rd.,,KITCHENER,ON.,N2R 1E9,30,00
WEBE01,3,3237522,1,20260228,,20260205,20260305,000018205
WEBE01,3,3237522,2,20260228,014473,20260212,        ,000018205
WEED01,1,,,,,,,,THE WEED BUSTERS,BOX 122,,TILLSONBURG, ONT.,N4G 4H3,30,00
WELD01,1,,,,,,,,WELDCO - S-W ONT WELDING SUPPL,2090 STEELES AVE EAST,DEPT 606,BRAMPTON, ONT.,L6T 1A7,30,00
WELL01,1,,,,,,,,WELLMASTER PIPE & SUPPLY INC.,P.O. BOX 456,,TILLSONBURG, ONT.,N4G 4J1,30,00
WEST01,1,,,,,,,,WESTBURNE RUDDY ONTARIO,PO BOX 1220 STATION B,,MISSISSAUGA, ONT.,L4Y 3W5,30,20
WEST02,1,,,,,,,,WESTBURNE SUPPLY ONT./,CANADA VALVE,PO BOX 1760, STATION B,MISSISSAUGA, ONT.,L4Y 4K5,30,00
WILK01,1,,,,,,,,WILKINSON & KOMPASS LTD,BOX 2518,,HAMILTON, ONT.,L8N 3K4,30,00
WILL01,1,,,,,,,,WILLIAMSON PRINTING MATERIAL,269 SOUTH SERVICE RD WEST,,GRIMSBY, ONT.,L3M 1Y6,30,00
WILL02,1,,,,,,,,WILLAERT APPLIANCES,45 BROCK STREET EAST,,TILLSONBURG,ON.,N4G 2Z1,30,00
WILL05,1,,,,,,,,WILLOW TREE KITCHENS,10709 HACIENDA ROAD,UNIT 2,AYLMER,ON.,N5H 2R3,30,00
WILL50,1,,,,,,,,WILLIAMS GOLD REFINING CO.,30 COURTWRIGHT STREET,,FORT ERIE, ONTARIO,L2A 2R7,30,00
WILS01,1,,,,,,,,ANDREW WILSON DISPLAYS LTD,935 WESTON ROAD,,TORONTO, ONT.,M6N 3R4,30,00
WILS03,1,,,,,,,,AARON WILSON,9 - 131 ELMWOOD,,LONDON, ONT.,N6C 1J7,01,00
WILS04,1,,,,,,,,WILSON ROOFING LTD.,P.O. BOX 277,,COURTLAND, ONT.,N0J 1E0,01,00
WILS06,1,,,,,,,,LEONARD WILSON,384 MALL ROAD,,TILLSONBURG, ONT.,N4G 2S4,01,00
WILS07,1,,,,,,,,WIL'S T.V. & SATELLITE,23 HUNTER CRES.,,TILLSONBURG, ONT.,N4G 5M8,00,00
WIND01,1,,,,,,,,WINDSOR FACTORY SUPPLY LTD.,P.O. BOX 2100,,WINDSOR, ONT.,N8Y 4R7,01,10
WISE01,1,,,,,,,,WISE LINE METAL SALES,20 CLEARVIEW DRIVE,,TILLSONBURG, ON,N4G 4G8,30,00
WJRO01,1,,,,,,,,W.J. ROOFING LTD.,9177 PLANK RD.,PO BOX 249,STRAFFORDVILLE,ON.,N0J 1Y0,30,00
WOLS01,1,,,,,,,,WOLSELEY IPG INC.,P.O. BOX 11013, STN A,,TORONTO, ONT,M5W 2G5,30,10
WOOD01,1,,,,,,,,WOOD WYANT INC.,1725 McPHERSON COURT E,,PICKERING, ONT.,L1W 3H9,30,00
WORK01,1,,,,,,,,WORKPLACE SAFETY & INSURANCE,BOX 4115, STATION A,,TORONTO, ON.,M5W 2V3,30,00
WORK01,3,OCT-DEC25,2,20260228,014458,20260202,        ,000062869
WORK01,3,OCT-DEC25,1,20260131,,20251231,20260131,000062869
WORK02,1,,,,,,,,WORK EQUIPMENT LTD.,PO BOX 244,55 THUNDERBIRD DRIVE,COURTLAND,ON.,N0J 1E0,30,00
WORL01,1,,,,,,,,WORLD ENVIRONMENTAL INC,453 CHRISTINA STREET,,SARNIA, ONT.,N7T 5W3,30,00
YORK01,1,,,,,,,,YORK FIRE & CASULTY INSURANCE,7150 DERRYCREST DRIVE,,MISSISSAUGA, ONT.,L5W 0E5,01,00
YVON01,1,,,,,,,,YVON REPAIR,P.O. BOX 266,,LANGTON, ONT.,N0E 1G0,01,00
PURO01,3,520259183,1,20260228,,20260228,20260328,000005655
FEDE01,3,271648075,1,20260228,,20260227,20260227,000022733
MESS01,3,109921708,1,20260228,,20260226,20260326,000028052
BEAR01,3,WB260209,1,20260228,,20260226,20260326,000018080
QBOL01,3,1988,1,20260331,,20260302,20260402,000113000
CJG-01,3,126586MAR,1,20260331,,20250415,20250515,000045200
MDLD01,3,60699,1,20260331,,20260302,20260402,000034391
IMPE50,3,340136591,1,20260228,,20260224,20260324,002248286
