OrderNumber,Customer,OrderDate,Source,Ring,InvoiceNumber,InvoiceDate
499434,CHM252,2025-01-08,R,N,,
499593,MAR390,2025-02-13,R,N,,
499762,SCO453,2025-03-25,R,Y,,
500048,HER241,2025-05-20,R,Y,,
500125,COU175,2025-06-02,P,Y,,
500127,COU175,2025-06-03,P,N,,
500167,COU175,2025-06-10,R,Y,,
500203,COU175,2025-06-18,R,N,,
500209,HER241,2025-06-23,R,Y,,
500210,HER241,2025-06-23,R,Y,,
500321,COU175,2025-07-23,R,Y,,
500418,HER241,2025-09-03,R,Y,,
500451,COU175,2025-09-10,P,Y,,
500585,COU175,2025-10-22,R,Y,,
500651,COU175,2025-11-07,R,Y,,
500714,HAL226,2025-11-26,M,Y,621493,2025-12-10
500715,HER241,2025-11-26,M,Y,621481,2025-12-10
500716,TAY490,2025-11-26,M,N,621489,2025-12-10
500717,WAL548,2025-11-26,P,Y,621505,2025-12-11
500718,ALT111,2025-11-27,M,Y,621508,2025-12-11
500719,ANS071,2025-11-27,M,N,621499,2025-12-10
500720,FIN185,2025-11-27,M,Y,621509,2025-12-11
500721,GOL235,2025-11-27,M,N,621514,2025-12-15
500722,HUX255,2025-11-27,P,Y,621464,2025-12-04
500723,M&R330,2025-11-27,P,Y,621515,2025-12-15
500724,MAR385,2025-11-27,P,Y,621516,2025-12-15
500725,MAR385,2025-11-27,P,Y,621516,2025-12-15
500726,NOR408,2025-11-27,M,Y,621492,2025-12-10
500727,POA409,2025-11-27,M,N,621541,2025-12-16
500728,SEA456,2025-11-27,P,Y,621469,2025-12-08
500729,TAY490,2025-11-27,M,Y,621521,2025-12-15
500730,WIL540,2025-11-27,P,Y,621544,2025-12-17
500731,HOO250,2025-12-01,P,N,621468,2025-12-08
500732,M&R330,2025-12-01,P,N,621515,2025-12-15
500733,REI410,2025-12-01,M,Y,621504,2025-12-11
500734,BRU077,2025-12-03,P,N,621517,2025-12-15
500736,COU175,2025-12-03,P,N,621692,2026-02-25
500737,CHM223,2025-12-03,M,Y,621536,2025-12-16
500738,HER241,2025-12-03,M,Y,621583,2026-01-13
500739,JEW278,2025-12-03,M,Y,621497,2025-12-10
500740,PRA510,2025-12-03,M,Y,621525,2025-12-15
500741,HER241,2025-12-03,R,Y,621542,2025-12-16
500742,BOB044,2025-12-03,M,Y,621531,2025-12-15
500743,CAI445,2025-12-03,P,Y,621512,2025-12-11
500744,HEI257,2025-12-03,M,Y,621498,2025-12-10
500745,JEW495,2025-12-03,M,Y,621529,2025-12-15
500746,JOY288,2025-12-03,M,Y,621533,2025-12-16
500747,OLD382,2025-12-03,P,N,621547,2025-12-17
500748,POM410,2025-12-03,P,N,621467,2025-12-08
500749,PRA510,2025-12-03,P,Y,621525,2025-12-15
500750,STE487,2025-12-03,P,Y,621488,2025-12-10
500751,MAR364,2025-12-03,M,Y,621548,2025-12-17
500752,CHM130,2025-12-04,M,Y,621535,2025-12-16
500753,OLD382,2025-12-04,P,Y,621547,2025-12-17
500754,JOY288,2025-12-04,R,Y,621487,2025-12-10
500755,CAI079,2025-12-04,R,Y,621718,2026-03-09
500756,TOT110,2025-12-05,R,Y,621588,2026-01-15
500757,FRA233,2025-12-05,P,Y,621530,2025-12-15
500758,BRU077,2025-12-05,P,N,621517,2025-12-15
500759,ING376,2025-12-05,P,N,621518,2025-12-15
500760,BLA053,2025-12-05,P,Y,621545,2025-12-17
500761,JEW370,2025-12-05,P,N,621558,2025-12-18
500762,CHM130,2025-12-05,M,N,621535,2025-12-16
500763,BOG150,2025-12-08,M,Y,621537,2025-12-16
500764,CAM090,2025-12-08,P,Y,621551,2025-12-17
500765,COO107,2025-12-08,P,Y,621554,2025-12-17
500766,HER241,2025-12-08,M,Y,621542,2025-12-16
500767,HUX255,2025-12-08,M,Y,621519,2025-12-15
500768,MAY359,2025-12-08,M,Y,621546,2025-12-17
500769,MIT368,2025-12-08,M,N,621526,2025-12-15
500770,MAR404,2025-12-01,M,N,621520,2025-12-15
500771,DUB085,2025-12-09,P,N,621532,2025-12-16
500772,HIL244,2025-12-09,M,Y,621564,2025-12-18
500773,JOY288,2025-12-09,R,Y,621534,2025-12-16
500774,HUX255,2025-12-10,R,Y,621506,2025-12-11
500775,SHE476,2025-12-11,M,Y,621559,2025-12-18
500777,FOU140,2025-12-11,M,Y,621550,2025-12-17
500779,MAY369,2025-12-11,P,Y,621560,2025-12-18
500780,POM410,2025-12-11,P,Y,621552,2025-12-17
500781,SEC400,2025-12-11,M,Y,621571,2025-12-18
500782,TOT110,2025-12-11,P,Y,621538,2025-12-16
500783,MAR385,2025-11-26,P,Y,621516,2025-12-15
500784,POR411,2025-11-26,M,Y,621522,2025-12-15
500785,CRE155,2025-12-12,M,Y,621524,2025-12-15
500786,MAR385,2025-12-12,P,Y,621563,2025-12-18
500787,FIA171,2025-12-12,P,Y,621562,2025-12-18
500788,CAI079,2025-12-12,M,Y,621570,2025-12-18
500789,HER241,2025-12-12,M,Y,621654,2026-02-12
500790,HAR261,2025-12-12,P,Y,621578,2025-12-18
500791,WAL548,2025-12-15,P,N,621567,2025-12-18
500792,COW112,2025-12-15,P,Y,621617,2026-01-29
500793,MAY369,2025-12-15,P,Y,621560,2025-12-18
500794,BAB033,2025-12-15,P,Y,621557,2025-12-18
500795,HOG200,2025-12-15,P,Y,621540,2025-12-16
500796,SEA456,2025-12-15,P,Y,621596,2026-01-20
500798,CAM090,2025-12-16,P,Y,621586,2026-01-14
500799,WOO551,2025-12-16,P,N,621553,2025-12-17
500800,COU175,2025-12-16,P,N,621575,2025-12-18
500801,MIT368,2025-12-16,M,N,621600,2026-01-21
500802,PRE435,2025-12-16,P,Y,621602,2026-01-21
500803,WIL540,2025-12-16,P,Y,621635,2026-02-05
500804,TAY490,2025-12-16,R,Y,,
500805,HER241,2025-12-16,R,Y,621577,2025-12-18
500806,HER241,2025-12-16,R,Y,,
500807,CRE155,2025-12-17,P,Y,621561,2025-12-18
500808,LAN047,2025-12-17,P,N,621566,2025-12-18
500809,A&A010,2025-12-17,P,N,621565,2025-12-18
500810,PIR400,2025-12-17,P,Y,621587,2026-01-15
500811,COU175,2025-12-17,P,N,621574,2025-12-18
500812,MAR364,2025-12-11,M,N,621569,2025-12-18
500813,THO502,2025-12-17,P,Y,621605,2026-01-26
500814,LLO348,2025-12-18,M,N,621594,2026-01-15
500815,BLA053,2025-12-18,R,Y,621595,2026-01-15
500816,TAY490,2026-01-05,M,Y,621609,2026-01-28
500817,CHM224,2026-01-05,M,Y,621601,2026-01-21
500818,LES301,2026-01-05,P,Y,621610,2026-01-28
500819,GOL218,2026-01-05,P,Y,621591,2026-01-15
500820,SEA456,2026-01-05,P,Y,621596,2026-01-20
500821,JEW370,2026-01-05,P,Y,621619,2026-02-03
500822,HER241,2026-01-05,M,Y,621654,2026-02-12
500823,VAN201,2026-01-05,M,Y,621590,2026-01-15
500824,VAN537,2026-01-05,M,Y,621639,2026-02-05
500825,BOG140,2026-01-05,M,Y,621627,2026-02-04
500826,CAI445,2026-01-05,M,Y,621593,2026-01-15
500827,GOL286,2026-01-05,M,Y,621608,2026-01-27
500828,CON107,2026-01-05,M,N,621585,2026-01-14
500829,TAY490,2026-01-05,M,Y,621609,2026-01-28
500830,VAN519,2026-01-05,M,N,621633,2026-02-05
500831,COU175,2026-01-06,P,Y,621613,2026-01-29
500832,OLD382,2026-01-06,P,N,621582,2026-01-12
500833,NOR408,2026-01-06,M,Y,621592,2026-01-15
500834,DAV135,2026-01-06,M,N,621599,2026-01-21
500835,STA490,2026-01-06,M,N,621628,2026-02-04
500836,M&R330,2026-01-09,R,Y,621623,2026-02-03
500837,VAN538,2026-01-07,P,Y,621598,2026-01-21
500838,FLA175,2026-01-07,P,Y,621597,2026-01-21
500839,CRA154,2026-01-07,P,Y,621645,2026-02-11
500840,CRE155,2026-01-07,P,Y,621589,2026-01-15
500841,JOY288,2026-01-08,R,Y,621696,2026-02-26
500842,HOG200,2026-01-08,R,Y,621668,2026-02-19
500843,LES301,2026-01-08,P,N,621630,2026-02-04
500844,ING376,2026-01-08,P,N,621629,2026-02-04
500845,AIT510,2026-01-12,P,Y,621611,2026-01-29
500846,BAR048,2026-01-12,P,N,621615,2026-01-29
500847,PIR400,2026-01-12,P,Y,621625,2026-02-04
500848,LES301,2026-01-12,P,Y,621610,2026-01-28
500849,MAD328,2026-01-12,M,Y,621624,2026-02-03
500850,THO502,2026-01-12,P,Y,,
500851,BOB044,2026-01-12,M,Y,621621,2026-02-03
500852,CAI079,2026-01-12,M,Y,621663,2026-02-19
500853,COU175,2026-01-13,P,Y,621647,2026-02-11
500854,HOO250,2026-01-13,P,N,621612,2026-01-29
500855,SWA494,2026-01-13,P,Y,621603,2026-01-26
500856,MCM404,2026-01-13,P,Y,621604,2026-01-26
500857,CHM150,2026-01-13,R,Y,621704,2026-03-02
500858,YOR205,2026-01-14,P,Y,621606,2026-01-26
500859,HEN264,2026-01-20,M,Y,621644,2026-02-11
500860,MIT358,2026-01-20,M,N,621636,2026-02-05
500861,CHM124,2026-01-20,M,N,,
500862,KNA292,2026-01-20,M,Y,621607,2026-01-27
500863,ALT111,2026-01-20,M,Y,621626,2026-02-04
500864,MAD328,2026-01-20,M,N,621618,2026-02-02
500865,POA409,2026-01-20,M,Y,621722,2026-03-10
500866,RCM110,2026-01-20,M,N,621622,2026-02-03
500867,FIA171,2026-01-21,M,Y,621714,2026-03-09
500868,JOY288,2026-01-22,R,Y,621696,2026-02-26
500869,KNA292,2026-01-22,M,Y,621638,2026-02-05
500870,COU175,2026-01-22,M,Y,621695,2026-02-26
500871,LAG250,2026-01-22,M,Y,621653,2026-02-12
500872,VAN201,2026-01-22,M,Y,621657,2026-02-17
500876,POR411,2026-01-26,M,Y,621643,2026-02-11
500877,POA409,2026-01-26,M,Y,621722,2026-03-10
500878,CHM223,2026-01-26,M,Y,621642,2026-02-11
500879,DAV135,2026-01-26,M,N,621616,2026-01-29
500880,BOG140,2026-01-26,M,Y,621650,2026-02-12
500881,JEW495,2026-01-26,M,Y,621701,2026-03-02
500882,PRA510,2026-01-26,M,N,621679,2026-02-23
500883,MAR364,2026-01-26,R,Y,,
500884,TRO524,2026-01-26,M,Y,621656,2026-02-12
500885,A&A005,2026-01-27,M,Y,621666,2026-02-19
500886,PRA510,2026-01-27,M,N,621678,2026-02-23
500887,CAI445,2026-01-27,M,Y,621662,2026-02-19
500888,TAY490,2026-01-27,M,Y,621683,2026-02-25
500889,BAR048,2026-01-27,P,Y,621664,2026-02-19
500890,BOG140,2026-01-27,M,Y,621651,2026-02-12
500891,MIT368,2026-01-27,R,Y,621691,2026-02-25
500892,BOG115,2026-01-28,M,Y,621658,2026-02-17
500893,MCM404,2026-01-28,P,Y,621641,2026-02-11
500894,CAM090,2026-01-28,P,Y,621687,2026-02-25
500895,TAY490,2026-01-28,M,N,621684,2026-02-25
500896,NOR408,2026-01-28,M,Y,621676,2026-02-23
500897,BUR122,2026-01-28,M,Y,621677,2026-02-23
500898,CHM124,2026-01-28,M,N,621672,2026-02-19
500899,SUG050,2026-01-29,M,Y,621688,2026-02-25
500900,TAY490,2026-01-29,M,Y,621683,2026-02-25
500901,VAN538,2026-01-29,R,Y,621721,2026-03-10
500902,HOG200,2026-01-29,M,Y,621655,2026-02-12
500903,JEW278,2026-02-02,M,Y,621648,2026-02-12
500904,CRE155,2026-02-02,P,Y,621640,2026-02-09
500905,HER241,2026-02-02,M,Y,621654,2026-02-12
500906,KEN240,2026-02-02,M,Y,621649,2026-02-12
500907,SWA494,2026-02-02,R,Y,621748,2026-03-19
500908,MAY359,2026-02-02,R,Y,621697,2026-02-26
500909,CHM130,2026-02-03,M,N,,
500910,HER241,2026-02-04,R,Y,621713,2026-03-05
500911,HEI200,2026-02-04,R,Y,621634,2026-02-05
500912,CRE155,2026-02-04,P,Y,621690,2026-02-25
500913,KOR394,2026-02-04,P,Y,621661,2026-02-19
500914,COU175,2026-02-04,P,Y,,
500916,VAN538,2026-02-04,R,Y,621744,2026-03-19
500917,HER241,2026-02-04,M,Y,621712,2026-03-05
500918,CHM270,2026-02-04,M,Y,621665,2026-02-19
500919,CUR205,2026-02-05,P,N,621706,2026-03-04
500920,TOT110,2026-02-05,P,Y,621700,2026-03-02
500921,HER241,2026-02-05,M,Y,,
500922,BOG150,2026-02-09,M,Y,621732,2026-03-17
500923,FIL530,2026-02-09,M,N,621711,2026-03-05
500924,PIR400,2026-02-09,P,Y,621682,2026-02-25
500925,HER241,2026-02-09,M,Y,621712,2026-03-05
500926,REI410,2026-02-09,M,Y,621659,2026-02-17
500927,NOR408,2026-02-09,M,Y,621680,2026-02-23
500928,HEN264,2026-02-09,M,N,621675,2026-02-23
500929,CHM252,2026-02-09,R,N,,
500930,ROG438,2026-02-10,M,Y,621694,2026-02-26
500931,VAN201,2026-02-10,M,Y,621686,2026-02-25
500932,COO172,2026-02-10,M,N,621708,2026-03-05
500933,HER241,2026-02-10,M,Y,,
500934,HER241,2026-02-10,M,Y,621712,2026-03-05
500935,HER241,2026-02-10,M,Y,621689,2026-02-25
500936,HER241,2026-02-10,M,Y,621712,2026-03-05
500937,HER241,2026-02-10,M,Y,621689,2026-02-25
500938,HER241,2026-02-10,M,Y,621723,2026-03-11
500939,HER241,2026-02-10,M,Y,,
500940,HER241,2026-02-10,M,Y,,
500941,HER241,2026-02-10,M,Y,,
500942,HER241,2026-02-10,M,Y,,
500943,HER241,2026-02-11,M,Y,621689,2026-02-25
500944,HER241,2026-02-11,M,Y,621723,2026-03-11
500945,HER241,2026-02-11,M,Y,621712,2026-03-05
500946,STE475,2026-02-11,P,Y,621685,2026-02-25
500947,REE182,2026-02-11,M,Y,,
500948,HER241,2026-02-11,M,Y,,
500949,HER241,2026-02-11,M,Y,,
500950,HER241,2026-02-11,M,Y,621712,2026-03-05
500951,HER241,2026-02-11,M,Y,621712,2026-03-05
500952,HER241,2026-02-11,M,Y,621712,2026-03-05
500953,YOR205,2026-02-11,M,Y,621717,2026-03-09
500954,COU175,2026-02-11,R,N,621660,2026-02-17
500955,HER241,2026-02-11,M,Y,621723,2026-03-11
500956,HER241,2026-02-11,M,Y,621712,2026-03-05
500957,HER241,2026-02-11,M,Y,,
500958,HER241,2026-02-11,M,Y,621712,2026-03-05
500959,HER241,2026-02-11,M,Y,621723,2026-03-11
500960,HER241,2026-02-11,M,Y,621712,2026-03-05
500961,HER241,2026-02-11,M,Y,621723,2026-03-11
500962,HER241,2026-02-11,M,Y,,
500963,HER241,2026-02-11,M,Y,621723,2026-03-11
500964,HER241,2026-02-11,M,Y,621723,2026-03-11
500965,YOU544,2026-02-11,M,N,621673,2026-02-19
500966,TAY490,2026-02-11,M,Y,621683,2026-02-25
500967,JOY288,2026-02-17,M,Y,,
500968,JOY288,2026-02-17,M,Y,,
500969,JOY288,2026-02-17,M,Y,621754,2026-03-24
500970,HAL225,2026-02-17,M,Y,621681,2026-02-25
500971,MCM404,2026-02-17,P,Y,621715,2026-03-09
500972,SEA456,2026-02-17,P,Y,621716,2026-03-09
500973,NOR408,2026-02-17,M,Y,,
500974,MAR388,2026-02-17,M,N,621667,2026-02-19
500975,BOG150,2026-02-17,M,Y,621732,2026-03-17
500976,JEW278,2026-02-17,M,Y,621702,2026-03-02
500977,MCC394,2026-02-17,M,Y,621709,2026-03-05
500978,MIT368,2026-02-17,M,Y,621670,2026-02-19
500979,REI410,2026-02-17,M,Y,621745,2026-03-19
500980,YOR205,2026-02-17,M,Y,621719,2026-03-09
500981,REI410,2026-02-17,M,Y,621745,2026-03-19
500982,HER241,2026-02-02,M,Y,621669,2026-02-19
500983,HER241,2026-02-02,M,Y,621669,2026-02-19
500984,HER241,2026-02-02,M,Y,621669,2026-02-19
500985,HER241,2026-02-02,M,Y,621669,2026-02-19
500986,HER241,2026-02-02,M,Y,621669,2026-02-19
500987,HER241,2026-02-02,M,Y,621669,2026-02-19
500988,CHM124,2026-02-04,M,Y,621671,2026-02-19
500989,HER241,2026-02-18,M,Y,,
500990,HER241,2026-02-18,M,Y,,
500991,HER241,2026-02-18,M,Y,621712,2026-03-05
500992,HER241,2026-02-18,M,Y,,
500993,HER241,2026-02-18,M,Y,621712,2026-03-05
500994,HER241,2026-02-18,M,Y,621712,2026-03-05
500995,HER241,2026-02-18,M,Y,621723,2026-03-11
500996,HER241,2026-02-18,M,Y,621712,2026-03-05
500997,HER241,2026-02-18,M,Y,,
500998,HER241,2026-02-18,M,Y,621712,2026-03-05
500999,HER241,2026-02-18,M,Y,621723,2026-03-11
501000,HER241,2026-02-18,M,Y,,
501001,HER241,2026-02-18,M,Y,621723,2026-03-11
501002,HER241,2026-02-18,M,Y,621723,2026-03-11
501003,HER241,2026-02-18,M,Y,621723,2026-03-11
501004,HER241,2026-02-18,M,Y,,
501005,HER241,2026-02-18,M,Y,,
501006,CHM215,2026-02-18,M,Y,621741,2026-03-18
501007,LLO348,2026-02-18,M,N,621710,2026-03-05
501008,COU175,2026-02-17,R,Y,621698,2026-02-26
501009,SIL410,2026-02-17,M,Y,621674,2026-02-23
501010,JOY288,2026-02-17,R,Y,621753,2026-03-24
501011,JOY288,2026-02-17,R,Y,621753,2026-03-24
501012,JOY288,2026-02-17,R,Y,621753,2026-03-24
501013,JOY288,2026-02-17,R,Y,621753,2026-03-24
501014,MAR385,2026-02-17,R,Y,,
501015,BUR122,2026-02-04,M,Y,621677,2026-02-23
501016,HER241,2026-02-19,M,Y,,
501017,HER241,2026-02-19,M,Y,,
501018,TAY490,2026-02-19,M,Y,621737,2026-03-18
501019,NOR408,2026-02-19,M,Y,,
501020,NOR408,2026-02-19,M,Y,,
501021,VAN538,2026-02-23,R,Y,621721,2026-03-10
501022,SCO453,2026-02-23,M,Y,,
501023,HER241,2026-02-23,M,Y,621723,2026-03-11
501024,LES301,2026-02-23,M,Y,621725,2026-03-16
501025,JEW350,2026-02-23,P,Y,,
501026,NOR408,2026-02-23,M,Y,,
501027,BOG140,2026-02-23,M,Y,621731,2026-03-17
501028,HEN264,2026-02-23,M,Y,621705,2026-03-04
501029,REI410,2026-02-23,M,N,,
501030,HER241,2026-02-26,R,Y,,
501031,HER241,2026-02-26,R,Y,,
501032,CHM124,2026-02-25,M,Y,621727,2026-03-16
501033,JOY288,2026-03-02,R,Y,621753,2026-03-24
501034,BOG100,2026-03-02,R,Y,621736,2026-03-17
501035,M&R330,2026-02-26,P,Y,621720,2026-03-10
501036,BOG115,2026-02-26,M,Y,621730,2026-03-17
501037,TOT110,2026-02-26,P,Y,621738,2026-03-18
501038,HER241,2026-02-26,M,Y,,
501039,DUB085,2026-03-02,M,Y,621751,2026-03-23
501040,NOR408,2026-03-02,M,Y,,
501041,JOY288,2026-03-02,M,Y,,
501042,HER241,2026-03-02,M,Y,621723,2026-03-11
501043,BRU077,2026-03-02,P,Y,621743,2026-03-19
501044,LES301,2026-03-02,P,Y,621726,2026-03-16
501045,HOG200,2026-03-02,M,Y,,
501046,CRE155,2026-03-03,P,Y,621729,2026-03-17
501047,REI410,2026-03-03,M,N,621745,2026-03-19
501048,CRE155,2026-03-04,R,Y,,
501049,FIA171,2026-03-04,P,Y,,
501050,FLA175,2026-03-04,P,Y,621742,2026-03-18
501051,PAR400,2026-03-04,P,Y,621724,2026-03-11
501052,JOY288,2026-03-04,R,Y,,
501053,BAR040,2026-03-04,M,N,621755,2026-03-24
501054,REI410,2026-03-05,M,Y,,
501055,COU175,2026-03-05,P,Y,621739,2026-03-18
501060,VAN538,2026-03-09,R,Y,,
501057,CHM186,2026-03-05,M,Y,621747,2026-03-19
501058,SEA456,2026-03-05,M,Y,,
501099,POA409,2026-03-12,M,Y,,
501061,COW112,2026-03-09,P,Y,,
501062,POW412,2026-03-09,M,Y,,
501063,FAN443,2026-03-09,M,Y,,
501064,NOR408,2026-03-09,M,Y,,
501065,FIA171,2026-03-09,M,Y,,
501066,BUR122,2026-03-09,M,Y,,
501067,HER241,2026-03-09,M,Y,,
501068,HER241,2026-03-09,M,Y,,
501069,VAN201,2026-03-09,M,Y,,
501070,FIN185,2026-03-09,M,Y,,
501071,HER241,2026-02-09,M,Y,621723,2026-03-11
501072,HER241,2026-02-02,M,Y,621723,2026-03-11
501073,HER241,2026-03-10,M,Y,,
501074,HEN264,2026-03-10,M,Y,,
501075,BOG100,2026-03-10,M,Y,,
501076,LES301,2026-03-10,P,Y,,
501077,FAN443,2026-03-10,P,Y,,
501078,LLO348,2026-03-10,M,Y,,
501079,VIN334,2026-03-10,P,Y,,
501080,VIN334,2026-03-10,P,Y,,
501081,FAN443,2026-03-10,P,Y,,
501082,STE475,2026-03-10,P,Y,,
501083,MAD328,2026-03-10,M,Y,621750,2026-03-23
501084,HER241,2026-03-10,R,Y,,
501085,SON470,2026-03-10,M,Y,621749,2026-03-19
501086,COU175,2026-03-03,R,Y,,
501087,TAY490,2026-03-10,M,Y,,
501088,ROG438,2026-03-10,M,Y,,
501089,HOG200,2026-03-10,M,Y,,
501090,HER241,2026-03-10,M,N,,
501091,JOY288,2026-03-10,M,Y,,
501092,FIA171,2026-03-10,P,Y,,
501093,MAR385,2026-03-11,P,Y,,
501094,FRA233,2026-03-11,P,Y,,
501095,COU175,2026-03-11,P,Y,,
501096,IND267,2026-03-11,M,Y,,
501097,POW412,2026-03-16,R,Y,,
501098,HOG200,2026-03-12,R,Y,621735,2026-03-17
501100,CHM236,2026-03-12,M,Y,,
501101,NOR408,2026-03-16,M,Y,,
501102,KEN240,2026-03-16,M,N,,
501103,REI410,2026-03-16,M,Y,,
501104,LAG250,2026-03-16,M,Y,,
501105,HEN264,2026-03-16,M,N,,
501106,HER241,2026-03-16,M,Y,,
501107,HER241,2026-03-16,M,Y,,
501108,HER241,2026-03-16,M,Y,,
501109,HER241,2026-03-16,M,Y,,
501110,HER241,2026-03-16,M,Y,,
501111,HER241,2026-03-16,M,Y,,
501112,CHM210,2026-03-16,M,Y,,
501113,COU175,2026-03-16,P,N,,
501114,ING375,2026-03-16,P,Y,,
501115,ING375,2026-03-16,P,Y,,
501116,FLA175,2026-03-16,P,Y,,
501127,KNA292,2026-03-17,M,Y,,
501118,HER241,2026-03-18,R,Y,,
501130,BOG150,2026-03-19,P,N,621752,2026-03-24
501131,DUB085,2026-03-18,P,Y,,
501121,HER241,2026-03-17,R,Y,,
501132,ING375,2026-03-19,P,Y,,
501128,PAR397,2026-03-17,P,N,621746,2026-03-19
501124,MAR385,2026-03-17,P,Y,,
501125,HEA130,2026-03-17,P,Y,,
501126,NOR408,2026-03-17,M,Y,,
501133,TOT110,2026-03-19,P,N,,
501134,EAS100,2026-03-19,P,Y,,
501135,BOG140,2026-03-19,M,Y,,
501136,MCC394,2026-03-19,M,Y,,
501137,VAN528,2026-03-18,P,Y,,
501138,COU175,2026-03-23,P,Y,,
501139,JOY288,2026-03-23,M,Y,,
501140,GOL235,2026-03-23,M,Y,,
501141,PAR397,2026-03-23,P,Y,,
501142,ALT111,2026-03-23,M,Y,,
501143,RIC483,2026-03-23,P,Y,,
501144,HER241,2026-03-23,M,Y,,
501145,HER241,2026-03-23,M,Y,,
501146,ING375,2026-03-23,M,Y,,
501147,COU175,2026-03-23,P,Y,,
501148,CHM224,2026-03-23,M,Y,,
501149,ING378,2026-03-23,M,Y,,
501150,VAN201,2026-03-23,M,Y,,
501151,HEN264,2026-03-23,M,Y,,
501152,MAY359,2026-03-23,S,N,,
