product_id,category,candidate_rank,match_tier,confidence,score,candidate_norm_key,candidate_alnum_key,candidate_path,candidate_source,candidate_group,candidate_ext
100D,crosses,1,fuzzy,low,40,70ND,70ND,accessories_php/images/Crosses_and_Lockets/70ND.png,images,crosses_lockets,png
104D,crosses,1,fuzzy,low,40,70ND,70ND,accessories_php/images/Crosses_and_Lockets/70ND.png,images,crosses_lockets,png
105A,crosses,1,fuzzy,low,48,10TGA,10TGA,accessories_php/images/Crosses_and_Lockets/10TGA.png,images,crosses_lockets,png
106D,crosses,1,fuzzy,low,40,70ND,70ND,accessories_php/images/Crosses_and_Lockets/70ND.png,images,crosses_lockets,png
111B,crosses,1,fuzzy,low,40,41NB,41NB,accessories_php/images/Crosses_and_Lockets/41NB.png,images,crosses_lockets,png
113B,crosses,1,fuzzy,low,40,41NB,41NB,accessories_php/images/Crosses_and_Lockets/41NB.png,images,crosses_lockets,png
12D,crosses,1,fuzzy,low,40,41ND,41ND,accessories_php/images/Crosses_and_Lockets/41ND.png,images,crosses_lockets,png
12D,crosses,2,fuzzy,low,27,32,32,accessories_php/images/Crosses_and_Lockets/32.png,images,crosses_lockets,png
12D,crosses,3,fuzzy,low,27,5ND,5ND,accessories_php/images/Crosses_and_Lockets/5ND.png,images,crosses_lockets,png
12D,crosses,4,fuzzy,low,27,20,20,accessories_php/images/Crosses_and_Lockets/20.png,images,crosses_lockets,png
12D,crosses,5,fuzzy,low,27,21,21,accessories_php/images/Crosses_and_Lockets/21.png,images,crosses_lockets,png
12E,crosses,1,fuzzy,low,27,32,32,accessories_php/images/Crosses_and_Lockets/32.png,images,crosses_lockets,png
12E,crosses,2,fuzzy,low,27,20,20,accessories_php/images/Crosses_and_Lockets/20.png,images,crosses_lockets,png
12E,crosses,3,fuzzy,low,27,21,21,accessories_php/images/Crosses_and_Lockets/21.png,images,crosses_lockets,png
12E,crosses,4,fuzzy,low,27,97E,97E,accessories_php/images/Crosses_and_Lockets/97E.png,images,crosses_lockets,png
12E,crosses,5,fuzzy,low,27,L27,L27,accessories_php/images/Crosses_and_Lockets/L27.png,images,crosses_lockets,png
26D,crosses,1,fuzzy,low,27,5ND,5ND,accessories_php/images/Crosses_and_Lockets/5ND.png,images,crosses_lockets,png
26D,crosses,2,fuzzy,low,27,20,20,accessories_php/images/Crosses_and_Lockets/20.png,images,crosses_lockets,png
26D,crosses,3,fuzzy,low,27,21,21,accessories_php/images/Crosses_and_Lockets/21.png,images,crosses_lockets,png
26D,crosses,4,fuzzy,low,27,8ND,8ND,accessories_php/images/Crosses_and_Lockets/8ND.png,images,crosses_lockets,png
26D,crosses,5,fuzzy,low,27,29U,29U,accessories_php/images/Crosses_and_Lockets/29U.png,images,crosses_lockets,png
26E,crosses,1,fuzzy,low,27,20,20,accessories_php/images/Crosses_and_Lockets/20.png,images,crosses_lockets,png
26E,crosses,2,fuzzy,low,27,21,21,accessories_php/images/Crosses_and_Lockets/21.png,images,crosses_lockets,png
26E,crosses,3,fuzzy,low,27,97E,97E,accessories_php/images/Crosses_and_Lockets/97E.png,images,crosses_lockets,png
26E,crosses,4,fuzzy,low,27,29U,29U,accessories_php/images/Crosses_and_Lockets/29U.png,images,crosses_lockets,png
26E,crosses,5,fuzzy,low,27,L26,L26,accessories_php/images/Crosses_and_Lockets/L26.png,images,crosses_lockets,png
33C,crosses,1,fuzzy,low,27,32,32,accessories_php/images/Crosses_and_Lockets/32.png,images,crosses_lockets,png
33C,crosses,2,fuzzy,low,27,3NB,3NB,accessories_php/images/Crosses_and_Lockets/3NB.png,images,crosses_lockets,png
33C,crosses,3,fuzzy,low,27,3NH,3NH,accessories_php/images/Crosses_and_Lockets/3NH.png,images,crosses_lockets,png
33C,crosses,4,fuzzy,low,27,30,30,accessories_php/images/Crosses_and_Lockets/30.png,images,crosses_lockets,png
33C,crosses,5,fuzzy,low,27,3ND,3ND,accessories_php/images/Crosses_and_Lockets/3ND_alt1.png,images,crosses_lockets,png
33E,crosses,1,fuzzy,low,27,32,32,accessories_php/images/Crosses_and_Lockets/32.png,images,crosses_lockets,png
33E,crosses,2,fuzzy,low,27,97E,97E,accessories_php/images/Crosses_and_Lockets/97E.png,images,crosses_lockets,png
33E,crosses,3,fuzzy,low,27,3NB,3NB,accessories_php/images/Crosses_and_Lockets/3NB.png,images,crosses_lockets,png
33E,crosses,4,fuzzy,low,27,3NH,3NH,accessories_php/images/Crosses_and_Lockets/3NH.png,images,crosses_lockets,png
33E,crosses,5,fuzzy,low,27,30,30,accessories_php/images/Crosses_and_Lockets/30.png,images,crosses_lockets,png
34C,crosses,1,fuzzy,low,27,32,32,accessories_php/images/Crosses_and_Lockets/32.png,images,crosses_lockets,png
34C,crosses,2,fuzzy,low,27,3NB,3NB,accessories_php/images/Crosses_and_Lockets/3NB.png,images,crosses_lockets,png
34C,crosses,3,fuzzy,low,27,3NH,3NH,accessories_php/images/Crosses_and_Lockets/3NH.png,images,crosses_lockets,png
34C,crosses,4,fuzzy,low,27,30,30,accessories_php/images/Crosses_and_Lockets/30.png,images,crosses_lockets,png
34C,crosses,5,fuzzy,low,27,3ND,3ND,accessories_php/images/Crosses_and_Lockets/3ND_alt1.png,images,crosses_lockets,png
35C,crosses,1,fuzzy,low,27,32,32,accessories_php/images/Crosses_and_Lockets/32.png,images,crosses_lockets,png
35C,crosses,2,fuzzy,low,27,3NB,3NB,accessories_php/images/Crosses_and_Lockets/3NB.png,images,crosses_lockets,png
35C,crosses,3,fuzzy,low,27,3NH,3NH,accessories_php/images/Crosses_and_Lockets/3NH.png,images,crosses_lockets,png
35C,crosses,4,fuzzy,low,27,30,30,accessories_php/images/Crosses_and_Lockets/30.png,images,crosses_lockets,png
35C,crosses,5,fuzzy,low,27,3ND,3ND,accessories_php/images/Crosses_and_Lockets/3ND_alt1.png,images,crosses_lockets,png
36C,crosses,1,fuzzy,low,27,32,32,accessories_php/images/Crosses_and_Lockets/32.png,images,crosses_lockets,png
36C,crosses,2,fuzzy,low,27,3NB,3NB,accessories_php/images/Crosses_and_Lockets/3NB.png,images,crosses_lockets,png
36C,crosses,3,fuzzy,low,27,3NH,3NH,accessories_php/images/Crosses_and_Lockets/3NH.png,images,crosses_lockets,png
36C,crosses,4,fuzzy,low,27,30,30,accessories_php/images/Crosses_and_Lockets/30.png,images,crosses_lockets,png
36C,crosses,5,fuzzy,low,27,3ND,3ND,accessories_php/images/Crosses_and_Lockets/3ND_alt1.png,images,crosses_lockets,png
38C,crosses,1,fuzzy,low,27,32,32,accessories_php/images/Crosses_and_Lockets/32.png,images,crosses_lockets,png
38C,crosses,2,fuzzy,low,27,3NB,3NB,accessories_php/images/Crosses_and_Lockets/3NB.png,images,crosses_lockets,png
38C,crosses,3,fuzzy,low,27,3NH,3NH,accessories_php/images/Crosses_and_Lockets/3NH.png,images,crosses_lockets,png
38C,crosses,4,fuzzy,low,27,98,98,accessories_php/images/Crosses_and_Lockets/98.png,images,crosses_lockets,png
38C,crosses,5,fuzzy,low,27,30,30,accessories_php/images/Crosses_and_Lockets/30.png,images,crosses_lockets,png
38P,crosses,1,fuzzy,low,27,32,32,accessories_php/images/Crosses_and_Lockets/32.png,images,crosses_lockets,png
38P,crosses,2,fuzzy,low,27,3NB,3NB,accessories_php/images/Crosses_and_Lockets/3NB.png,images,crosses_lockets,png
38P,crosses,3,fuzzy,low,27,3NH,3NH,accessories_php/images/Crosses_and_Lockets/3NH.png,images,crosses_lockets,png
38P,crosses,4,fuzzy,low,27,98,98,accessories_php/images/Crosses_and_Lockets/98.png,images,crosses_lockets,png
38P,crosses,5,fuzzy,low,27,30,30,accessories_php/images/Crosses_and_Lockets/30.png,images,crosses_lockets,png
43CD,crosses,1,fuzzy,low,40,41ND,41ND,accessories_php/images/Crosses_and_Lockets/41ND.png,images,crosses_lockets,png
43CD,crosses,2,fuzzy,low,40,3ND,3ND,accessories_php/images/Crosses_and_Lockets/3ND_alt1.png,images,crosses_lockets,png
51D,crosses,1,fuzzy,medium,53,5ND,5ND,accessories_php/images/Crosses_and_Lockets/5ND.png,images,crosses_lockets,png
51D,crosses,2,fuzzy,low,40,41ND,41ND,accessories_php/images/Crosses_and_Lockets/41ND.png,images,crosses_lockets,png
51D,crosses,3,fuzzy,low,27,5NB,5NB,accessories_php/images/Crosses_and_Lockets/5NB.png,images,crosses_lockets,png
51D,crosses,4,fuzzy,low,27,21,21,accessories_php/images/Crosses_and_Lockets/21.png,images,crosses_lockets,png
51D,crosses,5,fuzzy,low,27,8ND,8ND,accessories_php/images/Crosses_and_Lockets/8ND.png,images,crosses_lockets,png
51P,crosses,1,fuzzy,low,27,5ND,5ND,accessories_php/images/Crosses_and_Lockets/5ND.png,images,crosses_lockets,png
51P,crosses,2,fuzzy,low,27,5NB,5NB,accessories_php/images/Crosses_and_Lockets/5NB.png,images,crosses_lockets,png
51P,crosses,3,fuzzy,low,27,21,21,accessories_php/images/Crosses_and_Lockets/21.png,images,crosses_lockets,png
51P,crosses,4,fuzzy,low,27,5NH,5NH,accessories_php/images/Crosses_and_Lockets/5NH.png,images,crosses_lockets,png
51PD,crosses,1,fuzzy,low,40,5ND,5ND,accessories_php/images/Crosses_and_Lockets/5ND.png,images,crosses_lockets,png
51PD,crosses,2,fuzzy,low,40,41ND,41ND,accessories_php/images/Crosses_and_Lockets/41ND.png,images,crosses_lockets,png
52C,crosses,1,fuzzy,low,27,32,32,accessories_php/images/Crosses_and_Lockets/32.png,images,crosses_lockets,png
52C,crosses,2,fuzzy,low,27,5ND,5ND,accessories_php/images/Crosses_and_Lockets/5ND.png,images,crosses_lockets,png
52C,crosses,3,fuzzy,low,27,5NB,5NB,accessories_php/images/Crosses_and_Lockets/5NB.png,images,crosses_lockets,png
52C,crosses,4,fuzzy,low,27,20,20,accessories_php/images/Crosses_and_Lockets/20.png,images,crosses_lockets,png
52C,crosses,5,fuzzy,low,27,21,21,accessories_php/images/Crosses_and_Lockets/21.png,images,crosses_lockets,png
93C,crosses,1,fuzzy,low,27,32,32,accessories_php/images/Crosses_and_Lockets/32.png,images,crosses_lockets,png
93C,crosses,2,fuzzy,low,27,97E,97E,accessories_php/images/Crosses_and_Lockets/97E.png,images,crosses_lockets,png
93C,crosses,3,fuzzy,low,27,98,98,accessories_php/images/Crosses_and_Lockets/98.png,images,crosses_lockets,png
93C,crosses,4,fuzzy,low,27,30,30,accessories_php/images/Crosses_and_Lockets/30.png,images,crosses_lockets,png
97D,crosses,1,fuzzy,medium,53,97E,97E,accessories_php/images/Crosses_and_Lockets/97E.png,images,crosses_lockets,png
97D,crosses,2,fuzzy,low,27,5ND,5ND,accessories_php/images/Crosses_and_Lockets/5ND.png,images,crosses_lockets,png
97D,crosses,3,fuzzy,low,27,8ND,8ND,accessories_php/images/Crosses_and_Lockets/8ND.png,images,crosses_lockets,png
97D,crosses,4,fuzzy,low,27,7ND,7ND,accessories_php/images/Crosses_and_Lockets/7ND.png,images,crosses_lockets,png
97D,crosses,5,fuzzy,low,27,98,98,accessories_php/images/Crosses_and_Lockets/98.png,images,crosses_lockets,png
B38,crosses,1,fuzzy,low,27,32,32,accessories_php/images/Crosses_and_Lockets/32.png,images,crosses_lockets,png
B38,crosses,2,fuzzy,low,27,98,98,accessories_php/images/Crosses_and_Lockets/98.png,images,crosses_lockets,png
B38,crosses,3,fuzzy,low,27,30,30,accessories_php/images/Crosses_and_Lockets/30.png,images,crosses_lockets,png
10TGD,lockets,1,fuzzy,medium,64,70TGD,70TGD,accessories_php/images/Crosses_and_Lockets/70TGD.png,images,crosses_lockets,png
10TGD,lockets,2,fuzzy,medium,64,10TGA,10TGA,accessories_php/images/Crosses_and_Lockets/10TGA.png,images,crosses_lockets,png
10TGD,lockets,3,fuzzy,low,48,30TGA,30TGA,accessories_php/images/Crosses_and_Lockets/30TGA.png,images,crosses_lockets,png
10TGD,lockets,4,fuzzy,low,48,70TGE,70TGE,accessories_php/images/Crosses_and_Lockets/70TGE.png,images,crosses_lockets,png
10TGD,lockets,5,fuzzy,low,48,L7TGD,L7TGD,accessories_php/images/Crosses_and_Lockets/L7TGD.png,images,crosses_lockets,png
10TGE,lockets,1,fuzzy,medium,64,70TGE,70TGE,accessories_php/images/Crosses_and_Lockets/70TGE.png,images,crosses_lockets,png
10TGE,lockets,2,fuzzy,medium,64,10TGA,10TGA,accessories_php/images/Crosses_and_Lockets/10TGA.png,images,crosses_lockets,png
10TGE,lockets,3,fuzzy,low,48,70TGD,70TGD,accessories_php/images/Crosses_and_Lockets/70TGD.png,images,crosses_lockets,png
10TGE,lockets,4,fuzzy,low,48,30TGA,30TGA,accessories_php/images/Crosses_and_Lockets/30TGA.png,images,crosses_lockets,png
11TG,lockets,1,fuzzy,medium,60,21TG,21TG,accessories_php/images/Crosses_and_Lockets/21TG.png,images,crosses_lockets,png
11TG,lockets,2,fuzzy,low,48,21TGA,21TGA,accessories_php/images/Crosses_and_Lockets/21TGA.png,images,crosses_lockets,png
11TG,lockets,3,fuzzy,low,48,10TGA,10TGA,accessories_php/images/Crosses_and_Lockets/10TGA.png,images,crosses_lockets,png
11TG,lockets,4,fuzzy,low,40,L7TG,L7TG,accessories_php/images/Crosses_and_Lockets/L7TG.png,images,crosses_lockets,png
11TG,lockets,5,fuzzy,low,40,M3TG,M3TG,accessories_php/images/Crosses_and_Lockets/M3TG.png,images,crosses_lockets,png
12TG,lockets,1,fuzzy,low,48,L26TG,L26TG,accessories_php/images/Crosses_and_Lockets/L26TG.png,images,crosses_lockets,png
12TG,lockets,2,fuzzy,low,48,10TGA,10TGA,accessories_php/images/Crosses_and_Lockets/10TGA.png,images,crosses_lockets,png
12TG,lockets,3,fuzzy,low,40,L7TG,L7TG,accessories_php/images/Crosses_and_Lockets/L7TG.png,images,crosses_lockets,png
12TG,lockets,4,fuzzy,low,40,M3TG,M3TG,accessories_php/images/Crosses_and_Lockets/M3TG.png,images,crosses_lockets,png
12TG,lockets,5,fuzzy,low,40,21TG,21TG,accessories_php/images/Crosses_and_Lockets/21TG.png,images,crosses_lockets,png
13TGA,lockets,1,fuzzy,medium,64,10TGA,10TGA,accessories_php/images/Crosses_and_Lockets/10TGA.png,images,crosses_lockets,png
13TGA,lockets,2,fuzzy,low,48,30TGA,30TGA,accessories_php/images/Crosses_and_Lockets/30TGA.png,images,crosses_lockets,png
13TGA,lockets,3,fuzzy,low,48,21TGA,21TGA,accessories_php/images/Crosses_and_Lockets/21TGA.png,images,crosses_lockets,png
13TGA,lockets,4,fuzzy,low,48,L7TGA,L7TGA,accessories_php/images/Crosses_and_Lockets/L7TGA.png,images,crosses_lockets,png
13TGA,lockets,5,fuzzy,low,48,M3TG,M3TG,accessories_php/images/Crosses_and_Lockets/M3TG.png,images,crosses_lockets,png
13TGD,lockets,1,fuzzy,low,48,70TGD,70TGD,accessories_php/images/Crosses_and_Lockets/70TGD.png,images,crosses_lockets,png
13TGD,lockets,2,fuzzy,low,48,M3TG,M3TG,accessories_php/images/Crosses_and_Lockets/M3TG.png,images,crosses_lockets,png
13TGD,lockets,3,fuzzy,low,48,10TGA,10TGA,accessories_php/images/Crosses_and_Lockets/10TGA.png,images,crosses_lockets,png
13TGD,lockets,4,fuzzy,low,48,L7TGD,L7TGD,accessories_php/images/Crosses_and_Lockets/L7TGD.png,images,crosses_lockets,png
20TT,lockets,1,exact_alnum,high,90,20,20,accessories_php/images/Crosses_and_Lockets/20.png,images,crosses_lockets,png
20TT,lockets,2,fuzzy,low,40,21TG,21TG,accessories_php/images/Crosses_and_Lockets/21TG.png,images,crosses_lockets,png
29A,lockets,1,fuzzy,medium,53,29U,29U,accessories_php/images/Crosses_and_Lockets/29U.png,images,crosses_lockets,png
29A,lockets,2,fuzzy,low,48,29TGA,29TGA,accessories_php/images/Crosses_and_Lockets/29TGA.png,images,crosses_lockets,png
29A,lockets,3,fuzzy,low,27,20,20,accessories_php/images/Crosses_and_Lockets/20.png,images,crosses_lockets,png
29A,lockets,4,fuzzy,low,27,21,21,accessories_php/images/Crosses_and_Lockets/21.png,images,crosses_lockets,png
29A,lockets,5,fuzzy,low,27,98,98,accessories_php/images/Crosses_and_Lockets/98.png,images,crosses_lockets,png
29B,lockets,1,fuzzy,medium,53,29U,29U,accessories_php/images/Crosses_and_Lockets/29U.png,images,crosses_lockets,png
29B,lockets,2,fuzzy,low,27,5NB,5NB,accessories_php/images/Crosses_and_Lockets/5NB.png,images,crosses_lockets,png
29B,lockets,3,fuzzy,low,27,20,20,accessories_php/images/Crosses_and_Lockets/20.png,images,crosses_lockets,png
29B,lockets,4,fuzzy,low,27,21,21,accessories_php/images/Crosses_and_Lockets/21.png,images,crosses_lockets,png
29B,lockets,5,fuzzy,low,27,3NB,3NB,accessories_php/images/Crosses_and_Lockets/3NB.png,images,crosses_lockets,png
29E,lockets,1,fuzzy,medium,53,29U,29U,accessories_php/images/Crosses_and_Lockets/29U.png,images,crosses_lockets,png
29E,lockets,2,fuzzy,low,27,20,20,accessories_php/images/Crosses_and_Lockets/20.png,images,crosses_lockets,png
29E,lockets,3,fuzzy,low,27,21,21,accessories_php/images/Crosses_and_Lockets/21.png,images,crosses_lockets,png
29E,lockets,4,fuzzy,low,27,97E,97E,accessories_php/images/Crosses_and_Lockets/97E.png,images,crosses_lockets,png
29E,lockets,5,fuzzy,low,27,98,98,accessories_php/images/Crosses_and_Lockets/98.png,images,crosses_lockets,png
29TGD,lockets,1,fuzzy,medium,64,29TGA,29TGA,accessories_php/images/Crosses_and_Lockets/29TGA.png,images,crosses_lockets,png
29TGD,lockets,2,fuzzy,low,48,70TGD,70TGD,accessories_php/images/Crosses_and_Lockets/70TGD.png,images,crosses_lockets,png
29TGD,lockets,3,fuzzy,low,48,21TGA,21TGA,accessories_php/images/Crosses_and_Lockets/21TGA.png,images,crosses_lockets,png
29TGD,lockets,4,fuzzy,low,48,21TG,21TG,accessories_php/images/Crosses_and_Lockets/21TG.png,images,crosses_lockets,png
29TGD,lockets,5,fuzzy,low,48,L7TGD,L7TGD,accessories_php/images/Crosses_and_Lockets/L7TGD.png,images,crosses_lockets,png
29TGE,lockets,1,fuzzy,medium,64,29TGA,29TGA,accessories_php/images/Crosses_and_Lockets/29TGA.png,images,crosses_lockets,png
29TGE,lockets,2,fuzzy,low,48,21TGA,21TGA,accessories_php/images/Crosses_and_Lockets/21TGA.png,images,crosses_lockets,png
29TGE,lockets,3,fuzzy,low,48,70TGE,70TGE,accessories_php/images/Crosses_and_Lockets/70TGE.png,images,crosses_lockets,png
29TGE,lockets,4,fuzzy,low,48,21TG,21TG,accessories_php/images/Crosses_and_Lockets/21TG.png,images,crosses_lockets,png
2LTG,lockets,1,fuzzy,medium,60,21TG,21TG,accessories_php/images/Crosses_and_Lockets/21TG.png,images,crosses_lockets,png
2LTG,lockets,2,fuzzy,low,48,21TGA,21TGA,accessories_php/images/Crosses_and_Lockets/21TGA.png,images,crosses_lockets,png
2LTG,lockets,3,fuzzy,low,48,L26TG,L26TG,accessories_php/images/Crosses_and_Lockets/L26TG.png,images,crosses_lockets,png
2LTG,lockets,4,fuzzy,low,48,29TGA,29TGA,accessories_php/images/Crosses_and_Lockets/29TGA.png,images,crosses_lockets,png
2LTG,lockets,5,fuzzy,low,40,L7TG,L7TG,accessories_php/images/Crosses_and_Lockets/L7TG.png,images,crosses_lockets,png
2TG,lockets,1,fuzzy,medium,60,21TG,21TG,accessories_php/images/Crosses_and_Lockets/21TG.png,images,crosses_lockets,png
2TG,lockets,2,fuzzy,low,48,21TGA,21TGA,accessories_php/images/Crosses_and_Lockets/21TGA.png,images,crosses_lockets,png
2TG,lockets,3,fuzzy,low,48,L26TG,L26TG,accessories_php/images/Crosses_and_Lockets/L26TG.png,images,crosses_lockets,png
2TG,lockets,4,fuzzy,low,48,29TGA,29TGA,accessories_php/images/Crosses_and_Lockets/29TGA.png,images,crosses_lockets,png
2TG,lockets,5,fuzzy,low,40,L7TG,L7TG,accessories_php/images/Crosses_and_Lockets/L7TG.png,images,crosses_lockets,png
30TG,lockets,1,exact_alnum,high,90,30,30,accessories_php/images/Crosses_and_Lockets/30.png,images,crosses_lockets,png
30TG,lockets,2,fuzzy,medium,64,30TGA,30TGA,accessories_php/images/Crosses_and_Lockets/30TGA.png,images,crosses_lockets,png
30TG,lockets,3,fuzzy,low,48,70TGD,70TGD,accessories_php/images/Crosses_and_Lockets/70TGD.png,images,crosses_lockets,png
30TG,lockets,4,fuzzy,low,48,70TGE,70TGE,accessories_php/images/Crosses_and_Lockets/70TGE.png,images,crosses_lockets,png
30TG,lockets,5,fuzzy,low,48,10TGA,10TGA,accessories_php/images/Crosses_and_Lockets/10TGA.png,images,crosses_lockets,png
3TFG,lockets,1,fuzzy,low,40,M3TG,M3TG,accessories_php/images/Crosses_and_Lockets/M3TG.png,images,crosses_lockets,png
3TG,lockets,1,fuzzy,medium,60,M3TG,M3TG,accessories_php/images/Crosses_and_Lockets/M3TG.png,images,crosses_lockets,png
3TG,lockets,2,fuzzy,low,48,30TGA,30TGA,accessories_php/images/Crosses_and_Lockets/30TGA.png,images,crosses_lockets,png
3TG,lockets,3,fuzzy,low,40,L7TG,L7TG,accessories_php/images/Crosses_and_Lockets/L7TG.png,images,crosses_lockets,png
3TG,lockets,4,fuzzy,low,40,21TG,21TG,accessories_php/images/Crosses_and_Lockets/21TG.png,images,crosses_lockets,png
3TG,lockets,5,fuzzy,low,27,32,32,accessories_php/images/Crosses_and_Lockets/32.png,images,crosses_lockets,png
3TGA,lockets,1,fuzzy,medium,64,30TGA,30TGA,accessories_php/images/Crosses_and_Lockets/30TGA.png,images,crosses_lockets,png
3TGA,lockets,2,fuzzy,low,48,21TGA,21TGA,accessories_php/images/Crosses_and_Lockets/21TGA.png,images,crosses_lockets,png
3TGA,lockets,3,fuzzy,low,48,L7TGA,L7TGA,accessories_php/images/Crosses_and_Lockets/L7TGA.png,images,crosses_lockets,png
3TGA,lockets,4,fuzzy,low,48,29TGA,29TGA,accessories_php/images/Crosses_and_Lockets/29TGA.png,images,crosses_lockets,png
3TGA,lockets,5,fuzzy,low,48,10TGA,10TGA,accessories_php/images/Crosses_and_Lockets/10TGA.png,images,crosses_lockets,png
40A,lockets,1,fuzzy,low,27,20,20,accessories_php/images/Crosses_and_Lockets/20.png,images,crosses_lockets,png
40A,lockets,2,fuzzy,low,27,30,30,accessories_php/images/Crosses_and_Lockets/30.png,images,crosses_lockets,png
41A,lockets,1,fuzzy,low,40,41NH,41NH,accessories_php/images/Crosses_and_Lockets/41NH.png,images,crosses_lockets,png
41A,lockets,2,fuzzy,low,40,41ND,41ND,accessories_php/images/Crosses_and_Lockets/41ND.png,images,crosses_lockets,png
41A,lockets,3,fuzzy,low,40,41NB,41NB,accessories_php/images/Crosses_and_Lockets/41NB.png,images,crosses_lockets,png
41A,lockets,4,fuzzy,low,27,21,21,accessories_php/images/Crosses_and_Lockets/21.png,images,crosses_lockets,png
42A,lockets,1,fuzzy,low,27,32,32,accessories_php/images/Crosses_and_Lockets/32.png,images,crosses_lockets,png
42A,lockets,2,fuzzy,low,27,20,20,accessories_php/images/Crosses_and_Lockets/20.png,images,crosses_lockets,png
42A,lockets,3,fuzzy,low,27,21,21,accessories_php/images/Crosses_and_Lockets/21.png,images,crosses_lockets,png
42A,lockets,4,fuzzy,low,27,L27,L27,accessories_php/images/Crosses_and_Lockets/L27.png,images,crosses_lockets,png
42A,lockets,5,fuzzy,low,27,L26,L26,accessories_php/images/Crosses_and_Lockets/L26.png,images,crosses_lockets,png
43A,lockets,1,fuzzy,low,27,32,32,accessories_php/images/Crosses_and_Lockets/32.png,images,crosses_lockets,png
43A,lockets,2,fuzzy,low,27,30,30,accessories_php/images/Crosses_and_Lockets/30.png,images,crosses_lockets,png
44E,lockets,1,fuzzy,low,27,97E,97E,accessories_php/images/Crosses_and_Lockets/97E.png,images,crosses_lockets,png
5TGA,lockets,1,fuzzy,low,48,30TGA,30TGA,accessories_php/images/Crosses_and_Lockets/30TGA.png,images,crosses_lockets,png
5TGA,lockets,2,fuzzy,low,48,21TGA,21TGA,accessories_php/images/Crosses_and_Lockets/21TGA.png,images,crosses_lockets,png
5TGA,lockets,3,fuzzy,low,48,L7TGA,L7TGA,accessories_php/images/Crosses_and_Lockets/L7TGA.png,images,crosses_lockets,png
5TGA,lockets,4,fuzzy,low,48,29TGA,29TGA,accessories_php/images/Crosses_and_Lockets/29TGA.png,images,crosses_lockets,png
5TGA,lockets,5,fuzzy,low,48,10TGA,10TGA,accessories_php/images/Crosses_and_Lockets/10TGA.png,images,crosses_lockets,png
6TGA,lockets,1,fuzzy,low,48,30TGA,30TGA,accessories_php/images/Crosses_and_Lockets/30TGA.png,images,crosses_lockets,png
6TGA,lockets,2,fuzzy,low,48,21TGA,21TGA,accessories_php/images/Crosses_and_Lockets/21TGA.png,images,crosses_lockets,png
6TGA,lockets,3,fuzzy,low,48,L7TGA,L7TGA,accessories_php/images/Crosses_and_Lockets/L7TGA.png,images,crosses_lockets,png
6TGA,lockets,4,fuzzy,low,48,29TGA,29TGA,accessories_php/images/Crosses_and_Lockets/29TGA.png,images,crosses_lockets,png
6TGA,lockets,5,fuzzy,low,48,10TGA,10TGA,accessories_php/images/Crosses_and_Lockets/10TGA.png,images,crosses_lockets,png
70T-TT,lockets,1,fuzzy,low,48,70TGD,70TGD,accessories_php/images/Crosses_and_Lockets/70TGD.png,images,crosses_lockets,png
70T-TT,lockets,2,fuzzy,low,48,70TGE,70TGE,accessories_php/images/Crosses_and_Lockets/70TGE.png,images,crosses_lockets,png
70TGA,lockets,1,fuzzy,medium,64,70TGD,70TGD,accessories_php/images/Crosses_and_Lockets/70TGD.png,images,crosses_lockets,png
70TGA,lockets,2,fuzzy,medium,64,30TGA,30TGA,accessories_php/images/Crosses_and_Lockets/30TGA.png,images,crosses_lockets,png
70TGA,lockets,3,fuzzy,medium,64,70TGE,70TGE,accessories_php/images/Crosses_and_Lockets/70TGE.png,images,crosses_lockets,png
70TGA,lockets,4,fuzzy,medium,64,10TGA,10TGA,accessories_php/images/Crosses_and_Lockets/10TGA.png,images,crosses_lockets,png
70TGA,lockets,5,fuzzy,low,48,21TGA,21TGA,accessories_php/images/Crosses_and_Lockets/21TGA.png,images,crosses_lockets,png
70TGM,lockets,1,fuzzy,medium,64,70TGD,70TGD,accessories_php/images/Crosses_and_Lockets/70TGD.png,images,crosses_lockets,png
70TGM,lockets,2,fuzzy,medium,64,70TGE,70TGE,accessories_php/images/Crosses_and_Lockets/70TGE.png,images,crosses_lockets,png
70TGM,lockets,3,fuzzy,low,48,30TGA,30TGA,accessories_php/images/Crosses_and_Lockets/30TGA.png,images,crosses_lockets,png
70TGM,lockets,4,fuzzy,low,48,10TGA,10TGA,accessories_php/images/Crosses_and_Lockets/10TGA.png,images,crosses_lockets,png
70TGN,lockets,1,fuzzy,medium,64,70TGD,70TGD,accessories_php/images/Crosses_and_Lockets/70TGD.png,images,crosses_lockets,png
70TGN,lockets,2,fuzzy,medium,64,70TGE,70TGE,accessories_php/images/Crosses_and_Lockets/70TGE.png,images,crosses_lockets,png
70TGN,lockets,3,fuzzy,low,48,30TGA,30TGA,accessories_php/images/Crosses_and_Lockets/30TGA.png,images,crosses_lockets,png
70TGN,lockets,4,fuzzy,low,48,10TGA,10TGA,accessories_php/images/Crosses_and_Lockets/10TGA.png,images,crosses_lockets,png
7NTT,lockets,1,fuzzy,low,40,7ND,7ND,accessories_php/images/Crosses_and_Lockets/7ND.png,images,crosses_lockets,png
7NTT,lockets,2,fuzzy,low,40,7NH,7NH,accessories_php/images/Crosses_and_Lockets/7NH.png,images,crosses_lockets,png
8RA,lockets,1,fuzzy,low,27,8ND,8ND,accessories_php/images/Crosses_and_Lockets/8ND.png,images,crosses_lockets,png
8RA,lockets,2,fuzzy,low,27,8NB,8NB,accessories_php/images/Crosses_and_Lockets/8NB.png,images,crosses_lockets,png
8RA,lockets,3,fuzzy,low,27,8NH,8NH,accessories_php/images/Crosses_and_Lockets/8NH.png,images,crosses_lockets,png
8TG,lockets,1,fuzzy,low,40,L7TG,L7TG,accessories_php/images/Crosses_and_Lockets/L7TG.png,images,crosses_lockets,png
8TG,lockets,2,fuzzy,low,40,M3TG,M3TG,accessories_php/images/Crosses_and_Lockets/M3TG.png,images,crosses_lockets,png
8TG,lockets,3,fuzzy,low,40,21TG,21TG,accessories_php/images/Crosses_and_Lockets/21TG.png,images,crosses_lockets,png
8TG,lockets,4,fuzzy,low,27,8ND,8ND,accessories_php/images/Crosses_and_Lockets/8ND.png,images,crosses_lockets,png
8TG,lockets,5,fuzzy,low,27,8NB,8NB,accessories_php/images/Crosses_and_Lockets/8NB.png,images,crosses_lockets,png
8TGE,lockets,1,fuzzy,low,48,70TGE,70TGE,accessories_php/images/Crosses_and_Lockets/70TGE.png,images,crosses_lockets,png
9BG,lockets,1,fuzzy,low,27,97E,97E,accessories_php/images/Crosses_and_Lockets/97E.png,images,crosses_lockets,png
9BG,lockets,2,fuzzy,low,27,98,98,accessories_php/images/Crosses_and_Lockets/98.png,images,crosses_lockets,png
9TGA,lockets,1,fuzzy,medium,64,29TGA,29TGA,accessories_php/images/Crosses_and_Lockets/29TGA.png,images,crosses_lockets,png
9TGA,lockets,2,fuzzy,low,48,30TGA,30TGA,accessories_php/images/Crosses_and_Lockets/30TGA.png,images,crosses_lockets,png
9TGA,lockets,3,fuzzy,low,48,21TGA,21TGA,accessories_php/images/Crosses_and_Lockets/21TGA.png,images,crosses_lockets,png
9TGA,lockets,4,fuzzy,low,48,L7TGA,L7TGA,accessories_php/images/Crosses_and_Lockets/L7TGA.png,images,crosses_lockets,png
9TGA,lockets,5,fuzzy,low,48,10TGA,10TGA,accessories_php/images/Crosses_and_Lockets/10TGA.png,images,crosses_lockets,png
9TGB,lockets,1,fuzzy,low,48,29TGA,29TGA,accessories_php/images/Crosses_and_Lockets/29TGA.png,images,crosses_lockets,png
B70GA,lockets,1,fuzzy,low,48,L7TGA,L7TGA,accessories_php/images/Crosses_and_Lockets/L7TGA.png,images,crosses_lockets,png
B70GB,lockets,1,fuzzy,low,48,70NB,70NB,accessories_php/images/Crosses_and_Lockets/70NB.png,images,crosses_lockets,png
B7GA,lockets,1,fuzzy,low,48,L7TGA,L7TGA,accessories_php/images/Crosses_and_Lockets/L7TGA.png,images,crosses_lockets,png
L3GA,lockets,1,fuzzy,low,48,L7TGA,L7TGA,accessories_php/images/Crosses_and_Lockets/L7TGA.png,images,crosses_lockets,png
L3GB,lockets,1,fuzzy,low,40,3NB,3NB,accessories_php/images/Crosses_and_Lockets/3NB.png,images,crosses_lockets,png
L70G,lockets,1,fuzzy,medium,60,L7TG,L7TG,accessories_php/images/Crosses_and_Lockets/L7TG.png,images,crosses_lockets,png
L70G,lockets,2,fuzzy,low,48,L7TGA,L7TGA,accessories_php/images/Crosses_and_Lockets/L7TGA.png,images,crosses_lockets,png
L70G,lockets,3,fuzzy,low,48,L7TGD,L7TGD,accessories_php/images/Crosses_and_Lockets/L7TGD.png,images,crosses_lockets,png
L7TFG,lockets,1,fuzzy,medium,64,L7TG,L7TG,accessories_php/images/Crosses_and_Lockets/L7TG.png,images,crosses_lockets,png
L7TFG,lockets,2,fuzzy,low,48,L7TGA,L7TGA,accessories_php/images/Crosses_and_Lockets/L7TGA.png,images,crosses_lockets,png
L7TFG,lockets,3,fuzzy,low,48,L7TGD,L7TGD,accessories_php/images/Crosses_and_Lockets/L7TGD.png,images,crosses_lockets,png
M2TG,lockets,1,fuzzy,medium,60,M3TG,M3TG,accessories_php/images/Crosses_and_Lockets/M3TG.png,images,crosses_lockets,png
M2TG,lockets,2,fuzzy,low,48,L26TG,L26TG,accessories_php/images/Crosses_and_Lockets/L26TG.png,images,crosses_lockets,png
M2TG,lockets,3,fuzzy,low,40,L7TG,L7TG,accessories_php/images/Crosses_and_Lockets/L7TG.png,images,crosses_lockets,png
M2TG,lockets,4,fuzzy,low,40,21TG,21TG,accessories_php/images/Crosses_and_Lockets/21TG.png,images,crosses_lockets,png
M2TGD,lockets,1,fuzzy,low,48,70TGD,70TGD,accessories_php/images/Crosses_and_Lockets/70TGD.png,images,crosses_lockets,png
M2TGD,lockets,2,fuzzy,low,48,M3TG,M3TG,accessories_php/images/Crosses_and_Lockets/M3TG.png,images,crosses_lockets,png
M2TGD,lockets,3,fuzzy,low,48,L7TGD,L7TGD,accessories_php/images/Crosses_and_Lockets/L7TGD.png,images,crosses_lockets,png
BR6,bracelets,1,fuzzy,low,27,L26,L26,accessories_php/images/Crosses_and_Lockets/L26.png,images,crosses_lockets,png
CB209,bracelets,1,fuzzy,low,32,20,20,accessories_php/images/Crosses_and_Lockets/20.png,images,crosses_lockets,png
CB210,bracelets,1,fuzzy,low,32,21,21,accessories_php/images/Crosses_and_Lockets/21.png,images,crosses_lockets,png
CB212,bracelets,1,fuzzy,low,32,21,21,accessories_php/images/Crosses_and_Lockets/21.png,images,crosses_lockets,png
CB214,bracelets,1,fuzzy,low,48,CH14,CH14,accessories_php/images/Pendant_earrings/CH14.png,images,pendant_earrings,png
CB214,bracelets,2,fuzzy,low,32,21,21,accessories_php/images/Crosses_and_Lockets/21.png,images,crosses_lockets,png
CB215,bracelets,1,fuzzy,low,32,21,21,accessories_php/images/Crosses_and_Lockets/21.png,images,crosses_lockets,png
15M,medical,1,fuzzy,low,27,5B,5B,accessories_php/images/Idents/5B.png,images,idents,png
15M,medical,2,fuzzy,low,27,1BE,1BE,accessories_php/images/Idents/1BE.png,images,idents,png
1BEMC,medical,1,fuzzy,low,48,1BE,1BE,accessories_php/images/Idents/1BE.png,images,idents,png
1BEMC-10K,medical,1,fuzzy,low,30,1BE,1BE,accessories_php/images/Idents/1BE.png,images,idents,png
1BM,medical,1,fuzzy,medium,53,1BE,1BE,accessories_php/images/Idents/1BE.png,images,idents,png
1BM,medical,2,fuzzy,low,27,5B,5B,accessories_php/images/Idents/5B.png,images,idents,png
1BM,medical,3,fuzzy,low,27,IBH,IBH,accessories_php/images/Idents/IBH.png,images,idents,png
1BM,medical,4,fuzzy,low,27,4BE,4BE,accessories_php/images/Idents/4BE.png,images,idents,png
4BEMC,medical,1,fuzzy,low,48,4BE,4BE,accessories_php/images/Idents/4BE.png,images,idents,png
4BMC,medical,1,fuzzy,low,40,4BE,4BE,accessories_php/images/Idents/4BE.png,images,idents,png
DT98SM,medical,1,fuzzy,low,27,98,98,accessories_php/images/Crosses_and_Lockets/98.png,images,crosses_lockets,png
DT98SM10K,medical,1,fuzzy,low,18,98,98,accessories_php/images/Crosses_and_Lockets/98.png,images,crosses_lockets,png
P120,medical,1,fuzzy,low,40,20,20,accessories_php/images/Crosses_and_Lockets/20.png,images,crosses_lockets,png
P120-10K,medical,1,fuzzy,low,23,20,20,accessories_php/images/Crosses_and_Lockets/20.png,images,crosses_lockets,png
P120M,medical,1,fuzzy,low,32,20,20,accessories_php/images/Crosses_and_Lockets/20.png,images,crosses_lockets,png
P21BM,medical,1,fuzzy,low,32,21,21,accessories_php/images/Crosses_and_Lockets/21.png,images,crosses_lockets,png
P21BM-10K,medical,1,fuzzy,low,20,21,21,accessories_php/images/Crosses_and_Lockets/21.png,images,crosses_lockets,png
CH72,pendants,1,fuzzy,low,40,PH7,PH7,accessories_php/images/Pendant_earrings/PH7.png,images,pendant_earrings,png
CH72,pendants,2,fuzzy,low,40,CH14,CH14,accessories_php/images/Pendant_earrings/CH14.png,images,pendant_earrings,png
CH73,pendants,1,fuzzy,low,40,PH7,PH7,accessories_php/images/Pendant_earrings/PH7.png,images,pendant_earrings,png
CH73,pendants,2,fuzzy,low,40,CH14,CH14,accessories_php/images/Pendant_earrings/CH14.png,images,pendant_earrings,png
EB7,pendants,1,fuzzy,low,27,PH7,PH7,accessories_php/images/Pendant_earrings/PH7.png,images,pendant_earrings,png
EH2,pendants,1,fuzzy,low,27,PH7,PH7,accessories_php/images/Pendant_earrings/PH7.png,images,pendant_earrings,png
EH3,pendants,1,fuzzy,low,27,PH7,PH7,accessories_php/images/Pendant_earrings/PH7.png,images,pendant_earrings,png
EH4,pendants,1,fuzzy,low,40,CH14,CH14,accessories_php/images/Pendant_earrings/CH14.png,images,pendant_earrings,png
EH4,pendants,2,fuzzy,low,27,PH7,PH7,accessories_php/images/Pendant_earrings/PH7.png,images,pendant_earrings,png
EH6,pendants,1,fuzzy,low,27,PH7,PH7,accessories_php/images/Pendant_earrings/PH7.png,images,pendant_earrings,png
EH7,pendants,1,fuzzy,medium,53,PH7,PH7,accessories_php/images/Pendant_earrings/PH7.png,images,pendant_earrings,png
P31,pendants,1,fuzzy,low,27,PH7,PH7,accessories_php/images/Pendant_earrings/PH7.png,images,pendant_earrings,png
P32,pendants,1,fuzzy,low,27,PH7,PH7,accessories_php/images/Pendant_earrings/PH7.png,images,pendant_earrings,png
P33,pendants,1,fuzzy,low,27,PH7,PH7,accessories_php/images/Pendant_earrings/PH7.png,images,pendant_earrings,png
P34,pendants,1,fuzzy,low,27,PH7,PH7,accessories_php/images/Pendant_earrings/PH7.png,images,pendant_earrings,png
P37,pendants,1,fuzzy,medium,53,PH7,PH7,accessories_php/images/Pendant_earrings/PH7.png,images,pendant_earrings,png
P41,pendants,1,fuzzy,low,27,PH7,PH7,accessories_php/images/Pendant_earrings/PH7.png,images,pendant_earrings,png
P43,pendants,1,fuzzy,low,27,PH7,PH7,accessories_php/images/Pendant_earrings/PH7.png,images,pendant_earrings,png
PB7,pendants,1,fuzzy,medium,53,PH7,PH7,accessories_php/images/Pendant_earrings/PH7.png,images,pendant_earrings,png
PD27,pendants,1,fuzzy,low,40,PH7,PH7,accessories_php/images/Pendant_earrings/PH7.png,images,pendant_earrings,png
PGA,pendants,1,fuzzy,low,27,PH7,PH7,accessories_php/images/Pendant_earrings/PH7.png,images,pendant_earrings,png
PH2,pendants,1,fuzzy,medium,53,PH7,PH7,accessories_php/images/Pendant_earrings/PH7.png,images,pendant_earrings,png
PH3,pendants,1,fuzzy,medium,53,PH7,PH7,accessories_php/images/Pendant_earrings/PH7.png,images,pendant_earrings,png
PH4,pendants,1,fuzzy,medium,53,PH7,PH7,accessories_php/images/Pendant_earrings/PH7.png,images,pendant_earrings,png
PH4,pendants,2,fuzzy,low,40,CH14,CH14,accessories_php/images/Pendant_earrings/CH14.png,images,pendant_earrings,png
PH6,pendants,1,fuzzy,medium,53,PH7,PH7,accessories_php/images/Pendant_earrings/PH7.png,images,pendant_earrings,png
PM79,pendants,1,fuzzy,low,40,PH7,PH7,accessories_php/images/Pendant_earrings/PH7.png,images,pendant_earrings,png
