product_id,product_name,old_subcategory,image_files,matched_folders,new_subcategory,action
"br85-3 ","Jewelry Item",,"family_php/thumbs/images/Mother/br85-3 .jpg",Mother,family,set_family
F1379,"Jewelry Item",,family_php/thumbs/images/Mother/F1379.png,Mother,family,set_family
F138,"Jewelry Item",,family_php/thumbs/images/Mother/F138.png,Mother,family,set_family
F140,"Jewelry Item",,family_php/thumbs/images/Mother/F140.png,Mother,family,set_family
F2518,"Jewelry Item",,family_php/thumbs/images/Mother/F2518.png,Mother,family,set_family
F2519,"Jewelry Item",,family_php/thumbs/images/Mother/F2519.png,Mother,family,set_family
F2520,,,,Mother,family,set_family
F2524,"Jewelry Item",,family_php/thumbs/images/Mother/F2524.png,Mother,family,set_family
F2530,,,,Mother,family,set_family
F2531,"Jewelry Item",,family_php/thumbs/images/Mother/F2531.png,Mother,family,set_family
F2532,"Jewelry Item",,family_php/thumbs/images/Mother/F2532.png,Mother,family,set_family
F2540,"Jewelry Item",,family_php/thumbs/images/Mother/F2540.png,Mother,family,set_family
F2547,,,,Mother,family,set_family
F2552,"Jewelry Item",,family_php/thumbs/images/Mother/F2552.png,Mother,family,set_family
F2554,"Jewelry Item",,family_php/thumbs/images/Mother/F2554.png,Mother,family,set_family
F2556,,,,Mother,family,set_family
F2560,"Jewelry Item",,family_php/thumbs/images/Mother/F2560.png,Mother,family,set_family
F2579,"Jewelry Item",,family_php/images/Mother/F2579.png,Mother,family,set_family
F2584,"Jewelry Item",,family_php/thumbs/images/Mother/F2584.png,Mother,family,set_family
F2585,"Jewelry Item",,family_php/thumbs/images/Mother/F2585.png,Mother,family,set_family
F2591,"Jewelry Item",,family_php/thumbs/images/Mother/F2591.png,Mother,family,set_family
F2593,"Jewelry Item",,family_php/thumbs/images/Mother/F2593.png,Mother,family,set_family
F2594,"Jewelry Item",,family_php/images/Mother/F2594.jpg,Mother,family,set_family
F2595,"Jewelry Item",,family_php/thumbs/images/Mother/F2595.png,Mother,family,set_family
F5t90,"Jewelry Item",,family_php/thumbs/images/Mother/F5t90.png,Mother,family,set_family
FP91,"Jewelry Item",,family_php/thumbs/images/Mother/FP91.png,Mother,family,set_family
FP93,"Jewelry Item",,family_php/thumbs/images/Mother/FP93.png,Mother,family,set_family
FPHH,"Jewelry Item",,family_php/thumbs/images/Mother/FPHH.png,Mother,family,set_family
FPR,"Jewelry Item",,family_php/thumbs/images/Mother/FPR.png,Mother,family,set_family
1208,Ring,mother_daughter,family_php/thumbs/images/Daughter/1208.png,Daughter,mother_daughter,keep
1210,Ring,mother_daughter,family_php/thumbs/images/Daughter/1210.jpg,Daughter,mother_daughter,keep
1869,Ring,mother_daughter,family_php/thumbs/images/Daughter/1869.jpg,Daughter,mother_daughter,keep
1877,Ring,mother_daughter,family_php/thumbs/images/Daughter/1877.png,Daughter,mother_daughter,keep
1925,Ring,mother_daughter,family_php/thumbs/images/Daughter/1925.png,Daughter,mother_daughter,keep
1930,Ring,mother_daughter,family_php/thumbs/images/Daughter/1930.jpg,Daughter,mother_daughter,keep
1934,Ring,mother_daughter,family_php/thumbs/images/Daughter/1934.png,Daughter,mother_daughter,keep
1945,Ring,mother_daughter,family_php/thumbs/images/Daughter/1945.jpg,Daughter,mother_daughter,keep
2009,Ring,mother_daughter,family_php/thumbs/images/Daughter/2009.png,Daughter,mother_daughter,keep
2080,Ring,mother_daughter,family_php/thumbs/images/Daughter/2080.png,Daughter,mother_daughter,keep
2273,Ring,mother_daughter,family_php/thumbs/images/Daughter/2273.png,Daughter,mother_daughter,keep
2274,Ring,mother_daughter,family_php/thumbs/images/Daughter/2274.png,Daughter,mother_daughter,keep
2274R,"Jewelry Item",mother_daughter,family_php/thumbs/images/Daughter/2274R.png,Daughter,mother_daughter,keep
2276,Ring,mother_daughter,family_php/thumbs/images/Daughter/2276.png,Daughter,mother_daughter,keep
F2538,"Jewelry Item",mother_daughter,family_php/thumbs/images/Daughter/F2538.png,Daughter,mother_daughter,keep
F2575,"Jewelry Item",mother_daughter,family_php/thumbs/images/Daughter/F2575.png,Daughter,mother_daughter,keep
1879,Ring,mother_daughter,family_php/thumbs/images/Daughter/1879.png,"Mother,Daughter",mother_daughter,keep
2282,Ring,mother_daughter,family_php/thumbs/images/Daughter/2282.png,"Mother,Daughter",mother_daughter,keep
F400T,"Galaxy Band",mother_daughter,family_php/thumbs/images/Daughter/F400T.png,"Mother,Daughter",mother_daughter,keep
1890,"Family Ring",mother_daughter,"no images found",,mother_daughter,keep
1895,"Family Ring",mother_daughter,"no images found",,mother_daughter,keep
1916,"Family Ring",mother_daughter,"no images found",,mother_daughter,keep
1919,"Family Ring",mother_daughter,"no images found",,mother_daughter,keep
1921,"Family Ring",mother_daughter,"no images found",,mother_daughter,keep
1923,"Family Ring",mother_daughter,"no images found",,mother_daughter,keep
1924,"Family Ring",mother_daughter,"no images found",,mother_daughter,keep
1928,"Family Ring",mother_daughter,"no images found",,mother_daughter,keep
1938,"Family Ring",mother_daughter,"no images found",,mother_daughter,keep
1951,"Family Ring",mother_daughter,"no images found",,mother_daughter,keep
1967,"Family Ring",mother_daughter,"no images found",,mother_daughter,keep
1987,"Family Ring",mother_daughter,"no images found",,mother_daughter,keep
2010,,,,,mother_daughter,keep
2027,,,,,mother_daughter,keep
2028,,,,,mother_daughter,keep
2029,,,,,mother_daughter,keep
2030,,,,,mother_daughter,keep
2070,,,,,mother_daughter,keep
2077,,,,,mother_daughter,keep
2078,,,,,mother_daughter,keep
2079,,,,,mother_daughter,keep
2274_Alt1,"Jewelry Item",,family_php/images/Daughter/2274_Alt1.png,,mother_daughter,keep
2274_Alt2,"Jewelry Item",,family_php/images/Daughter/2274_Alt2.png,,mother_daughter,keep
2274_Alt3,"Jewelry Item",,family_php/images/Daughter/2274_Alt3.png,,mother_daughter,keep
2275,"Family Ring",mother_daughter,"no images found",,mother_daughter,keep
2277,"Family Ring",mother_daughter,"no images found",,mother_daughter,keep
2281_Alt3,"Jewelry Item",,family_php/images/Daughter/2281_Alt3.jpg,,mother_daughter,keep
BR-FPHH,,,,,mother_daughter,keep
br83-5,"Jewelry Item",,family_php/thumbs/images/Mother/br83-5.jpg,,mother_daughter,keep
F120M,"Wedding Band",,family_php/thumbs/images/Father/F120M.png,,mother_daughter,keep
F134,,,,,mother_daughter,keep
F1376,,,,,mother_daughter,keep
F2507,,,,,mother_daughter,keep
F2513,,,,,mother_daughter,keep
F2520_Alt1,"Jewelry Item",,family_php/images/Mother/F2520_Alt1.jpg,,mother_daughter,keep
F2520_Alt2,"Jewelry Item",,family_php/images/Mother/F2520_Alt2.png,,mother_daughter,keep
F2520_Alt3,"Jewelry Item",,family_php/images/Mother/F2520_Alt3.png,,mother_daughter,keep
F2520.1,"Jewelry Item",,family_php/thumbs/images/Mother/F2520.1.png,,mother_daughter,keep
F2523,,,,,mother_daughter,keep
F2524_Alt1,"Jewelry Item",,family_php/images/Mother/F2524_Alt1.png,,mother_daughter,keep
F2524_Alt2,"Jewelry Item",,family_php/images/Mother/F2524_Alt2.png,,mother_daughter,keep
F2524_Alt3,"Jewelry Item",,family_php/images/Mother/F2524_Alt3.png,,mother_daughter,keep
F2526,,,,,mother_daughter,keep
F2530_Alt3,"Jewelry Item",,family_php/images/Mother/F2530_Alt3.png,,mother_daughter,keep
F2530-0,"Jewelry Item",,family_php/thumbs/images/Mother/F2530-0.png,,mother_daughter,keep
F2530-1,"Jewelry Item",,family_php/thumbs/images/Mother/F2530-1.png,,mother_daughter,keep
F2531_Alt1,"Jewelry Item",,family_php/images/Mother/F2531_Alt1.png,,mother_daughter,keep
F2531_Alt2,"Jewelry Item",,family_php/images/Mother/F2531_Alt2.png,,mother_daughter,keep
F2531_Alt3,"Jewelry Item",,family_php/images/Mother/F2531_Alt3.png,,mother_daughter,keep
F2532_Alt3,"Jewelry Item",,family_php/images/Mother/F2532_Alt3.png,,mother_daughter,keep
F2536,,,,,mother_daughter,keep
F2537,,,,,mother_daughter,keep
F2539,,,,,mother_daughter,keep
F2540_Alt1,"Jewelry Item",,family_php/images/Mother/F2540_Alt1.png,,mother_daughter,keep
F2540_Alt2,"Jewelry Item",,family_php/images/Mother/F2540_Alt2.png,,mother_daughter,keep
F2540_Alt3,"Jewelry Item",,family_php/images/Mother/F2540_Alt3.png,,mother_daughter,keep
F2541,,,,,mother_daughter,keep
F2543,,,,,mother_daughter,keep
F2544,,,,,mother_daughter,keep
F2545,,,,,mother_daughter,keep
F2547_Alt1,"Jewelry Item",,family_php/images/Mother/F2547_Alt1.png,,mother_daughter,keep
F2547_Alt2,"Jewelry Item",,family_php/images/Mother/F2547_Alt2.png,,mother_daughter,keep
F2547_Alt3,"Jewelry Item",,family_php/images/Mother/F2547_Alt3.png,,mother_daughter,keep
F2550,,,,,mother_daughter,keep
F2552TestR,"Galaxy Band",,family_php/images/Mother/F2552TestR.png,,mother_daughter,keep
F2552TestW,"Galaxy Band",,family_php/images/Mother/F2552TestW.png,,mother_daughter,keep
F2552TestY,"Galaxy Band",,family_php/images/Mother/F2552TestY.png,,mother_daughter,keep
F2553,,,,,mother_daughter,keep
F2554_Alt1,"Jewelry Item",,family_php/images/Mother/F2554_Alt1.png,,mother_daughter,keep
F2554_Alt2,"Jewelry Item",,family_php/images/Mother/F2554_Alt2.png,,mother_daughter,keep
F2554_Alt3,"Jewelry Item",,family_php/images/Mother/F2554_Alt3.png,,mother_daughter,keep
F2556_Alt1,"Jewelry Item",,family_php/images/Mother/F2556_Alt1.png,,mother_daughter,keep
F2556_Alt2,"Jewelry Item",,family_php/images/Mother/F2556_Alt2.png,,mother_daughter,keep
F2556_Alt3,"Jewelry Item",,family_php/images/Mother/F2556_Alt3.png,,mother_daughter,keep
F2557,,,,,mother_daughter,keep
F2558,,,,,mother_daughter,keep
F2559,,,,,mother_daughter,keep
F2560_Alt1,"Jewelry Item",,family_php/images/Mother/F2560_Alt1.png,,mother_daughter,keep
F2560_Alt2,"Jewelry Item",,family_php/images/Mother/F2560_Alt2.png,,mother_daughter,keep
F2560_Alt3,"Jewelry Item",,family_php/images/Mother/F2560_Alt3.png,,mother_daughter,keep
F2561,,,,,mother_daughter,keep
F2562,,,,,mother_daughter,keep
F2563,,,,,mother_daughter,keep
F2564,,,,,mother_daughter,keep
F2565,,,,,mother_daughter,keep
F2566,,,,,mother_daughter,keep
F2567,,,,,mother_daughter,keep
F2568,,,,,mother_daughter,keep
F2569,,,,,mother_daughter,keep
F2570,,,,,mother_daughter,keep
F2571,,,,,mother_daughter,keep
F2572,,,,,mother_daughter,keep
F2573,,,,,mother_daughter,keep
F2574,,,,,mother_daughter,keep
F2576,,,,,mother_daughter,keep
F2577,,,,,mother_daughter,keep
F2579_Alt1,"Jewelry Item",,family_php/images/Mother/F2579_Alt1.png,,mother_daughter,keep
F2579_Alt2,"Jewelry Item",,family_php/images/Mother/F2579_Alt2.png,,mother_daughter,keep
F2579_Alt3,"Jewelry Item",,family_php/images/Mother/F2579_Alt3.png,,mother_daughter,keep
F2579TTRW,"Galaxy Band",,family_php/images/Mother/F2579TTRW.png,,mother_daughter,keep
F2579TTRY,"Galaxy Band",,family_php/images/Mother/F2579TTRY.png,,mother_daughter,keep
F2579TTWR,"Galaxy Band",,family_php/images/Mother/F2579TTWR.png,,mother_daughter,keep
F2579TTWY,"Galaxy Band",,family_php/images/Mother/F2579TTWY.png,,mother_daughter,keep
F2579TTYR,"Galaxy Band",,family_php/images/Mother/F2579TTYR.png,,mother_daughter,keep
F2580,,,,,mother_daughter,keep
F2581,,,,,mother_daughter,keep
F2582,,,,,mother_daughter,keep
F2584_alt,"Jewelry Item",,family_php/thumbs/images/Mother/F2584_alt.png,,mother_daughter,keep
f2586_Alt3,"Jewelry Item",,family_php/images/Mother/f2586_Alt3.jpg,,mother_daughter,keep
F2591.1,"Jewelry Item",,family_php/thumbs/images/Mother/F2591.1.png,,mother_daughter,keep
F2593_Alt1,"Jewelry Item",,family_php/images/Mother/F2593_Alt1.png,,mother_daughter,keep
F2593_Alt2,"Jewelry Item",,family_php/images/Mother/F2593_Alt2.png,,mother_daughter,keep
f2593_Alt3,"Jewelry Item",,family_php/images/Mother/f2593_Alt3.jpg,,mother_daughter,keep
F2594TTRW,"Galaxy Band",,family_php/images/Mother/F2594TTRW.png,,mother_daughter,keep
F2594TTRY,"Galaxy Band",,family_php/images/Mother/F2594TTRY.png,,mother_daughter,keep
F2594TTWR,"Galaxy Band",,family_php/images/Mother/F2594TTWR.png,,mother_daughter,keep
F2594TTWY,"Galaxy Band",,family_php/images/Mother/F2594TTWY.png,,mother_daughter,keep
F2594TTYR,"Galaxy Band",,family_php/images/Mother/F2594TTYR.png,,mother_daughter,keep
F2595_Alt1,"Jewelry Item",,family_php/images/Mother/F2595_Alt1.png,,mother_daughter,keep
F2595_Alt2,"Jewelry Item",,family_php/images/Mother/F2595_Alt2.png,,mother_daughter,keep
F2595_Alt3,"Jewelry Item",,family_php/images/Mother/F2595_Alt3.png,,mother_daughter,keep
F2596_Alt1,"Jewelry Item",,family_php/images/Mother/F2596_Alt1.png,,mother_daughter,keep
F2596_Alt2,"Jewelry Item",,family_php/images/Mother/F2596_Alt2.png,,mother_daughter,keep
F2596_Alt3,"Jewelry Item",,family_php/images/Mother/F2596_Alt3.jpg,,mother_daughter,keep
F400T_Alt3,"Galaxy Band",,family_php/images/Daughter/F400T_Alt3.png,,mother_daughter,keep
F400T-2,"Galaxy Band",,family_php/thumbs/images/Mother/F400T-2.png,,mother_daughter,keep
F6T18FC,"Galaxy Band",,family_php/thumbs/images/Mother/F6T18FC.png,,mother_daughter,keep
F6T18FCM,,,,,mother_daughter,keep
F6TI8FCL,,,,,mother_daughter,keep
FC51,,,,,mother_daughter,keep
FC65,,,,,mother_daughter,keep
FC66,,,,,mother_daughter,keep
FFC41,"Jewelry Item",,family_php/thumbs/images/Father/FFC41.png,,mother_daughter,keep
FFC42,"Jewelry Item",,family_php/thumbs/images/Father/FFC42.png,,mother_daughter,keep
FPH,,,,,mother_daughter,keep
FPH8,,,,,mother_daughter,keep
fphh_altr1,"Jewelry Item",,family_php/thumbs/images/Mother/fphh_altr1.png,,mother_daughter,keep
FPO,,,,,mother_daughter,keep
FPT,,,,,mother_daughter,keep
FS32-2,"Jewelry Item",,family_php/thumbs/images/Father/FS32-2.png,,mother_daughter,keep
